customer_id,customer_type,industry,account_open_date,mailbox_size,mailbox_term_months,status,close_date
B1001,Business account,E-commerce seller,2017-11-03,,,Closed,2025-05-16
B1002,Business account,E-commerce seller,2025-10-06,,,Active,
B1003,Business account,E-commerce seller,2018-06-03,,,Active,
B1004,Business account,E-commerce seller,2020-08-18,,,Active,
B1005,Business account,E-commerce seller,2020-12-14,,,Active,
B1006,Business account,E-commerce seller,2018-09-28,,,Active,
B1007,Business account,E-commerce seller,2022-08-26,,,Active,
B1008,Business account,E-commerce seller,2018-07-16,,,Active,
B1009,Business account,Real estate office,2025-02-10,,,Active,
B1010,Business account,Real estate office,2019-10-28,,,Active,
B1011,Business account,Real estate office,2019-09-26,,,Active,
B1012,Business account,Real estate office,2024-05-21,,,Active,
B1013,Business account,Real estate office,2019-06-25,,,Active,
B1014,Business account,Real estate office,2017-11-24,,,Closed,2026-01-30
B1015,Business account,Real estate office,2016-09-26,,,Active,
B1016,Business account,Law office,2023-09-02,,,Active,
B1017,Business account,Law office,2019-08-15,,,Active,
B1018,Business account,Law office,2018-06-24,,,Active,
B1019,Business account,Law office,2024-02-07,,,Active,
B1020,Business account,Law office,2018-05-09,,,Active,
B1021,Business account,Medical or dental office,2023-09-13,,,Active,
B1022,Business account,Medical or dental office,2016-02-06,,,Closed,2025-11-14
B1023,Business account,Medical or dental office,2019-11-02,,,Active,
B1024,Business account,Medical or dental office,2021-06-16,,,Active,
B1025,Business account,Medical or dental office,2016-11-20,,,Active,
B1026,Business account,Contractor,2021-06-22,,,Active,
B1027,Business account,Contractor,2025-04-07,,,Active,
B1028,Business account,Contractor,2023-06-16,,,Active,
B1029,Business account,Contractor,2017-08-28,,,Active,
B1030,Business account,Nonprofit or school,2016-09-02,,,Active,
B1031,Business account,Nonprofit or school,2025-08-18,,,Active,
B1032,Business account,Nonprofit or school,2018-06-04,,,Active,
B1033,Business account,Nonprofit or school,2024-07-03,,,Active,
B1034,Business account,Other small business,2019-12-21,,,Active,
B1035,Business account,Other small business,2023-12-30,,,Active,
B1036,Business account,Other small business,2021-02-11,,,Active,
M2001,Mailbox holder,,2023-04-29,Small,6,Closed,2025-04-29
M2002,Mailbox holder,,2021-06-25,Small,6,Closed,2026-06-25
M2003,Mailbox holder,,2022-02-07,Small,12,Active,
M2004,Mailbox holder,,2023-07-10,Small,12,Active,
M2005,Mailbox holder,,2023-12-26,Medium,12,Active,
M2006,Mailbox holder,,2020-01-26,Medium,6,Active,
M2007,Mailbox holder,,2023-02-07,Medium,6,Closed,2026-02-07
M2008,Mailbox holder,,2021-07-12,Medium,12,Active,
M2009,Mailbox holder,,2023-04-08,Medium,12,Active,
M2010,Mailbox holder,,2020-03-15,Medium,6,Active,
M2011,Mailbox holder,,2022-08-28,Small,12,Active,
M2012,Mailbox holder,,2024-02-08,Medium,12,Active,
M2013,Mailbox holder,,2024-03-14,Small,12,Active,
M2014,Mailbox holder,,2022-09-09,Small,6,Active,
M2015,Mailbox holder,,2021-01-18,Small,12,Active,
M2016,Mailbox holder,,2019-11-10,Small,6,Closed,2026-05-10
M2017,Mailbox holder,,2020-11-05,Small,12,Active,
M2018,Mailbox holder,,2023-04-14,Large,12,Closed,2026-04-14
M2019,Mailbox holder,,2020-11-23,Small,6,Closed,2025-11-23
M2020,Mailbox holder,,2019-09-05,Small,6,Active,
M2021,Mailbox holder,,2021-09-27,Small,12,Active,
M2022,Mailbox holder,,2021-09-26,Small,6,Closed,2025-03-26
M2023,Mailbox holder,,2022-12-29,Small,12,Closed,2024-12-29
M2024,Mailbox holder,,2022-08-29,Small,12,Active,
M2025,Mailbox holder,,2023-10-03,Small,12,Closed,2025-10-03
M2026,Mailbox holder,,2021-01-13,Small,12,Closed,2026-01-13
M2027,Mailbox holder,,2020-04-17,Small,6,Closed,2024-10-17
M2028,Mailbox holder,,2022-12-20,Medium,6,Active,
M2029,Mailbox holder,,2024-02-01,Small,12,Active,
M2030,Mailbox holder,,2023-02-26,Small,12,Active,
M2031,Mailbox holder,,2023-07-07,Small,6,Closed,2025-07-07
M2032,Mailbox holder,,2021-12-22,Small,12,Active,
M2033,Mailbox holder,,2024-04-06,Medium,6,Closed,2025-10-06
M2034,Mailbox holder,,2021-12-26,Small,12,Active,
M2035,Mailbox holder,,2019-11-04,Small,6,Closed,2026-05-04
M2036,Mailbox holder,,2021-09-19,Medium,12,Active,
M2037,Mailbox holder,,2020-02-05,Medium,12,Closed,2026-02-05
M2038,Mailbox holder,,2022-02-20,Small,12,Active,
M2039,Mailbox holder,,2023-01-25,Small,6,Closed,2025-01-25
M2040,Mailbox holder,,2021-06-13,Small,6,Active,
M2041,Mailbox holder,,2022-02-25,Small,6,Closed,2025-08-25
M2042,Mailbox holder,,2019-09-27,Medium,12,Active,
M2043,Mailbox holder,,2023-01-22,Medium,6,Active,
M2044,Mailbox holder,,2022-09-24,Small,6,Closed,2024-09-24
M2045,Mailbox holder,,2020-03-08,Small,6,Closed,2025-09-08
M2046,Mailbox holder,,2022-07-04,Large,12,Closed,2025-07-04
M2047,Mailbox holder,,2019-11-07,Medium,6,Closed,2024-11-07
M2048,Mailbox holder,,2021-08-07,Small,6,Closed,2025-02-07
M2049,Mailbox holder,,2020-12-11,Small,6,Active,
M2050,Mailbox holder,,2021-12-07,Small,12,Closed,2025-12-07
M2051,Mailbox holder,,2021-12-22,Medium,12,Active,
M2052,Mailbox holder,,2022-07-13,Medium,12,Active,
M2053,Mailbox holder,,2024-02-27,Small,6,Closed,2025-02-27
M2054,Mailbox holder,,2022-05-08,Small,12,Closed,2026-05-08
M2055,Mailbox holder,,2024-05-12,Medium,6,Closed,2025-05-12
M2056,Mailbox holder,,2020-01-24,Medium,6,Active,
M2057,Mailbox holder,,2020-02-04,Small,12,Active,
M2058,Mailbox holder,,2020-03-20,Medium,6,Active,
M2059,Mailbox holder,,2023-07-09,Medium,6,Closed,2025-01-09
M2060,Mailbox holder,,2021-12-12,Small,6,Closed,2026-06-12
M2061,Mailbox holder,,2024-03-24,Small,12,Active,
M2062,Mailbox holder,,2022-03-09,Small,6,Active,
M2063,Mailbox holder,,2024-02-04,Small,12,Closed,2025-02-04
M2064,Mailbox holder,,2023-05-31,Medium,12,Active,
M2065,Mailbox holder,,2020-10-28,Small,6,Active,
M2066,Mailbox holder,,2020-07-17,Small,6,Closed,2026-01-17
M2067,Mailbox holder,,2024-03-27,Small,12,Active,
M2068,Mailbox holder,,2024-05-03,Medium,6,Closed,2025-05-03
M2069,Mailbox holder,,2020-02-15,Small,12,Active,
M2070,Mailbox holder,,2021-05-24,Medium,6,Closed,2024-11-24
M2071,Mailbox holder,,2023-03-28,Medium,12,Closed,2025-03-28
M2072,Mailbox holder,,2022-07-10,Medium,6,Closed,2025-07-10
M2073,Mailbox holder,,2022-07-28,Small,6,Closed,2025-01-28
M2074,Mailbox holder,,2023-10-28,Small,6,Closed,2024-10-28
M2075,Mailbox holder,,2023-06-20,Large,12,Closed,2025-06-20
M2076,Mailbox holder,,2023-10-26,Medium,6,Closed,2025-10-26
M2077,Mailbox holder,,2021-01-07,Small,12,Active,
M2078,Mailbox holder,,2024-02-25,Small,6,Active,
M2079,Mailbox holder,,2019-11-16,Medium,12,Active,
M2080,Mailbox holder,,2022-04-07,Medium,6,Closed,2025-10-07
M2081,Mailbox holder,,2020-10-30,Large,12,Active,
M2082,Mailbox holder,,2022-05-15,Small,6,Closed,2024-11-15
M2083,Mailbox holder,,2020-08-06,Medium,6,Closed,2026-08-06
M2084,Mailbox holder,,2022-06-22,Small,12,Closed,2026-06-22
M2085,Mailbox holder,,2020-01-14,Small,6,Active,
M2086,Mailbox holder,,2024-04-22,Medium,6,Closed,2024-10-22
M2087,Mailbox holder,,2020-05-06,Small,12,Active,
M2088,Mailbox holder,,2022-08-27,Medium,12,Closed,2026-08-27
M2089,Mailbox holder,,2024-07-14,Small,6,Active,
M2090,Mailbox holder,,2020-07-05,Small,12,Active,
M2091,Mailbox holder,,2022-11-13,Medium,12,Active,
M2092,Mailbox holder,,2020-11-26,Small,12,Active,
M2093,Mailbox holder,,2019-12-15,Small,12,Active,
M2094,Mailbox holder,,2020-10-19,Medium,12,Active,
M2095,Mailbox holder,,2023-08-01,Small,6,Closed,2026-08-01
M2096,Mailbox holder,,2023-08-21,Medium,6,Closed,2026-08-21
M2097,Mailbox holder,,2021-10-27,Small,12,Active,
M2098,Mailbox holder,,2023-08-11,Small,12,Active,
M2099,Mailbox holder,,2022-01-03,Small,12,Closed,2026-01-03
M2100,Mailbox holder,,2019-11-15,Small,12,Closed,2025-11-15
M2101,Mailbox holder,,2021-03-05,Small,6,Closed,2025-03-05
M2102,Mailbox holder,,2024-07-22,Medium,6,Closed,2025-01-22
M2103,Mailbox holder,,2021-06-07,Medium,12,Active,
M2104,Mailbox holder,,2024-03-11,Small,6,Closed,2026-03-11
M2105,Mailbox holder,,2020-11-24,Large,12,Active,
M2106,Mailbox holder,,2024-07-09,Small,6,Closed,2026-01-09
M2107,Mailbox holder,,2021-08-16,Small,6,Closed,2025-08-16
M2108,Mailbox holder,,2024-08-09,Medium,6,Closed,2025-08-09
M2109,Mailbox holder,,2023-11-24,Small,12,Active,
M2110,Mailbox holder,,2019-10-14,Medium,6,Closed,2025-04-14
M2111,Mailbox holder,,2022-03-23,Small,6,Closed,2024-09-23
M2112,Mailbox holder,,2021-08-27,Small,12,Active,
M2113,Mailbox holder,,2023-10-05,Small,6,Closed,2024-10-05
M2114,Mailbox holder,,2024-02-23,Small,6,Active,
M2115,Mailbox holder,,2023-08-05,Small,6,Active,
M2116,Mailbox holder,,2020-07-17,Medium,6,Closed,2025-07-17
M2117,Mailbox holder,,2020-04-17,Small,6,Closed,2024-10-17
M2118,Mailbox holder,,2023-03-12,Small,6,Closed,2024-09-12
M2119,Mailbox holder,,2024-01-29,Medium,12,Active,
M2120,Mailbox holder,,2024-01-30,Small,12,Active,
M2121,Mailbox holder,,2023-07-06,Small,6,Closed,2026-01-06
M2122,Mailbox holder,,2022-03-07,Large,12,Active,
M2123,Mailbox holder,,2020-03-24,Small,12,Active,
M2124,Mailbox holder,,2022-08-19,Medium,12,Active,
M2125,Mailbox holder,,2020-12-08,Small,6,Closed,2025-12-08
M2126,Mailbox holder,,2020-08-13,Medium,12,Closed,2026-08-13
M2127,Mailbox holder,,2021-12-10,Small,12,Active,
M2128,Mailbox holder,,2021-01-21,Small,6,Active,
M2129,Mailbox holder,,2022-11-19,Small,6,Closed,2026-05-19
M2130,Mailbox holder,,2023-10-25,Small,12,Active,
M2131,Mailbox holder,,2022-06-14,Medium,12,Active,
M2132,Mailbox holder,,2024-06-08,Small,6,Closed,2025-12-08
M2133,Mailbox holder,,2022-07-25,Small,12,Active,
M2134,Mailbox holder,,2021-02-24,Large,12,Active,
M2135,Mailbox holder,,2019-09-28,Large,12,Closed,2024-09-28
M2136,Mailbox holder,,2024-05-17,Small,12,Closed,2025-05-17
M2137,Mailbox holder,,2021-09-11,Medium,6,Active,
M2138,Mailbox holder,,2021-06-04,Small,6,Active,
M2139,Mailbox holder,,2023-02-11,Medium,12,Active,
M2140,Mailbox holder,,2019-11-03,Small,12,Active,
M2141,Mailbox holder,,2021-04-05,Medium,6,Active,
M2142,Mailbox holder,,2022-03-14,Medium,12,Active,
M2143,Mailbox holder,,2022-03-19,Medium,6,Closed,2024-09-19
M2144,Mailbox holder,,2023-05-19,Medium,12,Closed,2025-05-19
M2145,Mailbox holder,,2022-02-13,Medium,12,Active,
M2146,Mailbox holder,,2019-12-24,Small,6,Closed,2025-12-24
M2147,Mailbox holder,,2023-06-07,Medium,6,Closed,2025-06-07
M2148,Mailbox holder,,2024-03-17,Small,6,Active,
M2149,Mailbox holder,,2021-03-29,Small,12,Active,
M2150,Mailbox holder,,2022-03-21,Large,12,Closed,2025-03-21
M2151,Mailbox holder,,2021-02-04,Medium,12,Active,
M2152,Mailbox holder,,2022-11-21,Small,12,Active,
M2153,Mailbox holder,,2024-05-20,Medium,12,Closed,2026-05-20
M2154,Mailbox holder,,2023-08-27,Small,6,Closed,2025-02-27
M2155,Mailbox holder,,2021-10-07,Small,6,Closed,2024-10-07
M2156,Mailbox holder,,2022-05-02,Small,6,Closed,2024-11-02
M2157,Mailbox holder,,2020-12-27,Small,12,Active,
M2158,Mailbox holder,,2024-05-21,Small,6,Closed,2026-05-21
M2159,Mailbox holder,,2019-09-29,Medium,12,Closed,2025-09-29
M2160,Mailbox holder,,2024-03-15,Medium,6,Closed,2024-09-15
M2161,Mailbox holder,,2022-10-05,Small,12,Closed,2024-10-05
M2162,Mailbox holder,,2023-05-19,Small,6,Active,
M2163,Mailbox holder,,2022-11-16,Medium,12,Active,
M2164,Mailbox holder,,2023-01-07,Small,6,Active,
M2165,Mailbox holder,,2021-09-05,Large,12,Active,
M2166,Mailbox holder,,2019-10-20,Small,6,Closed,2025-04-20
M2167,Mailbox holder,,2022-05-28,Small,6,Closed,2025-11-28
M2168,Mailbox holder,,2022-01-23,Small,6,Closed,2025-01-23
M2169,Mailbox holder,,2019-11-22,Small,12,Active,
M2170,Mailbox holder,,2019-12-06,Small,12,Closed,2024-12-06
M2171,Mailbox holder,,2022-05-24,Small,12,Active,
M2172,Mailbox holder,,2021-09-01,Large,12,Closed,2025-09-01
M2173,Mailbox holder,,2020-07-06,Large,12,Active,
M2174,Mailbox holder,,2022-08-26,Small,6,Closed,2026-08-26
M2175,Mailbox holder,,2023-12-21,Small,12,Active,
M2176,Mailbox holder,,2024-01-19,Small,12,Active,
M2177,Mailbox holder,,2020-03-19,Small,6,Closed,2024-09-19
M2178,Mailbox holder,,2021-06-09,Medium,6,Active,
M2179,Mailbox holder,,2020-10-11,Small,6,Closed,2024-10-11
M2180,Mailbox holder,,2021-07-31,Small,12,Closed,2025-07-31
M2181,Mailbox holder,,2021-02-10,Small,6,Active,
M2182,Mailbox holder,,2023-01-13,Small,12,Active,
M2183,Mailbox holder,,2022-01-12,Small,12,Active,
M2184,Mailbox holder,,2020-08-24,Medium,6,Closed,2025-02-24
M2185,Mailbox holder,,2022-04-10,Large,12,Active,
M2186,Mailbox holder,,2024-09-03,Small,6,Closed,2025-09-03
M2187,Mailbox holder,,2024-09-07,Medium,12,Active,
M2188,Mailbox holder,,2024-09-14,Small,6,Closed,2025-09-14
M2189,Mailbox holder,,2024-09-23,Medium,12,Closed,2025-09-23
M2190,Mailbox holder,,2024-09-16,Small,12,Closed,2025-09-16
M2191,Mailbox holder,,2024-09-05,Small,12,Closed,2025-09-05
M2192,Mailbox holder,,2024-10-02,Medium,12,Active,
M2193,Mailbox holder,,2024-10-17,Small,6,Closed,2025-04-17
M2194,Mailbox holder,,2024-10-15,Medium,6,Active,
M2195,Mailbox holder,,2024-10-22,Small,12,Active,
M2196,Mailbox holder,,2024-10-25,Small,12,Active,
M2197,Mailbox holder,,2024-10-10,Small,6,Closed,2025-10-10
M2198,Mailbox holder,,2024-10-04,Small,6,Closed,2026-04-04
M2199,Mailbox holder,,2024-11-25,Small,12,Active,
M2200,Mailbox holder,,2024-11-05,Medium,12,Active,
M2201,Mailbox holder,,2024-11-01,Small,6,Closed,2025-05-01
M2202,Mailbox holder,,2024-11-07,Small,6,Active,
M2203,Mailbox holder,,2024-11-09,Small,12,Active,
M2204,Mailbox holder,,2024-11-16,Medium,12,Active,
M2205,Mailbox holder,,2024-11-15,Small,12,Active,
M2206,Mailbox holder,,2024-11-18,Medium,12,Active,
M2207,Mailbox holder,,2024-11-07,Small,6,Active,
M2208,Mailbox holder,,2024-11-08,Small,12,Active,
M2209,Mailbox holder,,2024-11-02,Small,12,Active,
M2210,Mailbox holder,,2024-12-23,Small,6,Closed,2025-06-23
M2211,Mailbox holder,,2024-12-17,Medium,12,Active,
M2212,Mailbox holder,,2024-12-10,Small,12,Active,
M2213,Mailbox holder,,2024-12-02,Small,6,Closed,2025-06-02
M2214,Mailbox holder,,2024-12-23,Medium,12,Active,
M2215,Mailbox holder,,2024-12-27,Small,6,Active,
M2216,Mailbox holder,,2024-12-11,Medium,6,Closed,2025-12-11
M2217,Mailbox holder,,2025-01-22,Large,12,Active,
M2218,Mailbox holder,,2025-01-11,Small,12,Active,
M2219,Mailbox holder,,2025-01-27,Small,12,Active,
M2220,Mailbox holder,,2025-01-20,Medium,12,Active,
M2221,Mailbox holder,,2025-01-11,Medium,6,Closed,2026-01-11
M2222,Mailbox holder,,2025-01-21,Medium,12,Active,
M2223,Mailbox holder,,2025-01-20,Small,6,Closed,2026-07-20
M2224,Mailbox holder,,2025-01-07,Medium,12,Closed,2026-01-07
M2225,Mailbox holder,,2025-01-08,Small,12,Active,
M2226,Mailbox holder,,2025-02-14,Medium,12,Active,
M2227,Mailbox holder,,2025-02-12,Small,12,Active,
M2228,Mailbox holder,,2025-02-22,Small,6,Active,
M2229,Mailbox holder,,2025-02-08,Small,6,Active,
M2230,Mailbox holder,,2025-02-14,Medium,12,Active,
M2231,Mailbox holder,,2025-02-08,Small,12,Active,
M2232,Mailbox holder,,2025-02-03,Small,6,Closed,2025-08-03
M2233,Mailbox holder,,2025-02-12,Small,12,Active,
M2234,Mailbox holder,,2025-02-22,Small,6,Closed,2026-02-22
M2235,Mailbox holder,,2025-02-27,Small,12,Active,
M2236,Mailbox holder,,2025-03-10,Large,12,Active,
M2237,Mailbox holder,,2025-03-22,Small,12,Active,
M2238,Mailbox holder,,2025-03-11,Small,6,Active,
M2239,Mailbox holder,,2025-03-11,Small,6,Closed,2026-03-11
M2240,Mailbox holder,,2025-03-07,Small,12,Active,
M2241,Mailbox holder,,2025-03-28,Small,6,Closed,2025-09-28
M2242,Mailbox holder,,2025-03-11,Medium,12,Active,
M2243,Mailbox holder,,2025-03-07,Small,12,Active,
M2244,Mailbox holder,,2025-03-10,Small,6,Active,
M2245,Mailbox holder,,2025-03-03,Small,6,Closed,2025-09-03
M2246,Mailbox holder,,2025-04-21,Small,6,Active,
M2247,Mailbox holder,,2025-04-22,Small,6,Active,
M2248,Mailbox holder,,2025-05-10,Small,12,Active,
M2249,Mailbox holder,,2025-05-07,Medium,6,Active,
M2250,Mailbox holder,,2025-05-24,Medium,12,Active,
M2251,Mailbox holder,,2025-05-14,Large,12,Active,
M2252,Mailbox holder,,2025-05-06,Small,12,Active,
M2253,Mailbox holder,,2025-06-07,Small,12,Active,
M2254,Mailbox holder,,2025-06-23,Medium,12,Closed,2026-06-23
M2255,Mailbox holder,,2025-06-13,Medium,12,Active,
M2256,Mailbox holder,,2025-06-23,Medium,12,Active,
M2257,Mailbox holder,,2025-07-12,Small,6,Active,
M2258,Mailbox holder,,2025-07-01,Medium,12,Active,
M2259,Mailbox holder,,2025-07-28,Small,12,Active,
M2260,Mailbox holder,,2025-07-19,Medium,6,Active,
M2261,Mailbox holder,,2025-07-11,Medium,6,Active,
M2262,Mailbox holder,,2025-07-07,Small,12,Active,
M2263,Mailbox holder,,2025-07-03,Small,12,Active,
M2264,Mailbox holder,,2025-08-18,Medium,12,Active,
M2265,Mailbox holder,,2025-08-02,Small,12,Active,
M2266,Mailbox holder,,2025-08-21,Small,6,Active,
M2267,Mailbox holder,,2025-09-23,Small,12,Active,
M2268,Mailbox holder,,2025-09-24,Large,12,Active,
M2269,Mailbox holder,,2025-09-22,Medium,12,Active,
M2270,Mailbox holder,,2025-09-02,Small,6,Active,
M2271,Mailbox holder,,2025-09-10,Small,12,Active,
M2272,Mailbox holder,,2025-09-26,Medium,6,Active,
M2273,Mailbox holder,,2025-09-09,Large,12,Active,
M2274,Mailbox holder,,2025-09-08,Small,6,Active,
M2275,Mailbox holder,,2025-09-13,Large,12,Active,
M2276,Mailbox holder,,2025-09-20,Medium,6,Active,
M2277,Mailbox holder,,2025-10-04,Small,12,Active,
M2278,Mailbox holder,,2025-10-13,Medium,12,Active,
M2279,Mailbox holder,,2025-10-23,Medium,6,Active,
M2280,Mailbox holder,,2025-10-07,Small,6,Active,
M2281,Mailbox holder,,2025-10-04,Medium,6,Closed,2026-04-04
M2282,Mailbox holder,,2025-11-03,Small,12,Active,
M2283,Mailbox holder,,2025-11-04,Small,12,Active,
M2284,Mailbox holder,,2025-11-13,Small,12,Active,
M2285,Mailbox holder,,2025-11-22,Small,12,Active,
M2286,Mailbox holder,,2025-11-25,Medium,12,Active,
M2287,Mailbox holder,,2025-11-13,Medium,6,Active,
M2288,Mailbox holder,,2025-11-03,Medium,6,Closed,2026-05-03
M2289,Mailbox holder,,2025-11-22,Small,6,Active,
M2290,Mailbox holder,,2025-11-10,Large,12,Active,
M2291,Mailbox holder,,2025-12-26,Small,12,Active,
M2292,Mailbox holder,,2025-12-22,Small,12,Active,
M2293,Mailbox holder,,2025-12-12,Medium,6,Active,
M2294,Mailbox holder,,2025-12-02,Large,12,Active,
M2295,Mailbox holder,,2025-12-22,Medium,6,Active,
M2296,Mailbox holder,,2025-12-04,Medium,12,Active,
M2297,Mailbox holder,,2025-12-19,Small,12,Active,
M2298,Mailbox holder,,2025-12-04,Medium,6,Active,
M2299,Mailbox holder,,2025-12-11,Small,12,Active,
M2300,Mailbox holder,,2025-12-05,Medium,6,Closed,2026-06-05
M2301,Mailbox holder,,2026-01-13,Large,12,Active,
M2302,Mailbox holder,,2026-01-06,Small,12,Active,
M2303,Mailbox holder,,2026-01-09,Small,12,Active,
M2304,Mailbox holder,,2026-01-02,Small,12,Active,
M2305,Mailbox holder,,2026-01-05,Medium,12,Active,
M2306,Mailbox holder,,2026-01-05,Large,12,Active,
M2307,Mailbox holder,,2026-01-14,Small,6,Active,
M2308,Mailbox holder,,2026-01-27,Medium,6,Active,
M2309,Mailbox holder,,2026-02-14,Small,6,Active,
M2310,Mailbox holder,,2026-02-10,Medium,12,Active,
M2311,Mailbox holder,,2026-02-09,Small,12,Active,
M2312,Mailbox holder,,2026-02-23,Small,12,Active,
M2313,Mailbox holder,,2026-02-12,Medium,6,Active,
M2314,Mailbox holder,,2026-02-07,Small,6,Active,
M2315,Mailbox holder,,2026-03-04,Small,6,Active,
M2316,Mailbox holder,,2026-03-21,Medium,12,Active,
M2317,Mailbox holder,,2026-03-14,Large,12,Active,
M2318,Mailbox holder,,2026-03-28,Small,12,Active,
M2319,Mailbox holder,,2026-04-28,Small,6,Active,
M2320,Mailbox holder,,2026-04-07,Medium,12,Active,
M2321,Mailbox holder,,2026-04-06,Small,12,Active,
M2322,Mailbox holder,,2026-05-13,Small,6,Active,
M2323,Mailbox holder,,2026-05-16,Large,12,Active,
M2324,Mailbox holder,,2026-05-23,Small,12,Active,
M2325,Mailbox holder,,2026-05-16,Small,6,Active,
M2326,Mailbox holder,,2026-05-27,Medium,6,Active,
M2327,Mailbox holder,,2026-05-28,Large,12,Active,
M2328,Mailbox holder,,2026-05-15,Small,12,Active,
M2329,Mailbox holder,,2026-05-18,Small,12,Active,
M2330,Mailbox holder,,2026-06-06,Small,6,Active,
M2331,Mailbox holder,,2026-06-16,Large,12,Active,
M2332,Mailbox holder,,2026-06-11,Medium,12,Active,
M2333,Mailbox holder,,2026-06-08,Small,12,Active,
M2334,Mailbox holder,,2026-06-25,Small,12,Active,
M2335,Mailbox holder,,2026-06-08,Medium,12,Active,
M2336,Mailbox holder,,2026-06-08,Small,6,Active,
M2337,Mailbox holder,,2026-06-05,Medium,6,Active,
M2338,Mailbox holder,,2026-07-21,Medium,6,Active,
M2339,Mailbox holder,,2026-07-27,Small,6,Active,
M2340,Mailbox holder,,2026-07-27,Small,6,Active,
M2341,Mailbox holder,,2026-07-20,Medium,12,Active,
M2342,Mailbox holder,,2026-07-14,Small,6,Active,
M2343,Mailbox holder,,2026-08-27,Small,6,Active,
M2344,Mailbox holder,,2026-08-06,Small,12,Active,
M2345,Mailbox holder,,2026-08-05,Small,12,Active,
M2346,Mailbox holder,,2026-08-24,Small,12,Active,
M2347,Mailbox holder,,2026-08-04,Small,6,Active,
M2348,Mailbox holder,,2026-08-25,Medium,12,Active,
M2349,Mailbox holder,,2026-08-27,Small,6,Active,
M2350,Mailbox holder,,2026-08-17,Small,6,Active,
M2351,Mailbox holder,,2026-08-24,Small,6,Active,
M2352,Mailbox holder,,2026-08-04,Medium,6,Active,
