service_id,service_name,category,list_price_2026,unit_cost_2026,taxable,labor_min_per_line,labor_min_per_unit
SHP-GND,UPS Ground,Shipping,,,0,1.0,2.5
SHP-3DS,UPS 3 Day Select,Shipping,,,0,1.0,2.5
SHP-2DA,UPS 2nd Day Air,Shipping,,,0,1.0,2.5
SHP-NDA,UPS Next Day Air,Shipping,,,0,1.0,2.5
RET-DROP,Prepaid return drop-off,Returns,0.0,0.0,0,0.5,1.0
PKG-BOX-S,Box - small,Packing supplies,4.49,1.1,1,0.5,0.2
PKG-BOX-M,Box - medium,Packing supplies,6.99,1.75,1,0.5,0.2
PKG-BOX-L,Box - large,Packing supplies,9.99,2.6,1,0.5,0.2
PKG-BOX-XL,Box - extra large,Packing supplies,14.99,3.9,1,0.5,0.3
PKG-BUBBLE,Bubble wrap (per ft),Packing supplies,0.99,0.18,1,0.3,0.05
PKG-PEANUT,Packing peanuts (bag),Packing supplies,6.49,1.4,1,0.3,0.1
PKG-TAPE,Packing tape (roll),Packing supplies,5.99,1.2,1,0.2,0.0
PKG-ENV,Padded envelope,Packing supplies,3.49,0.6,1,0.2,0.0
SVC-PACK-STD,Packing service - standard item,Packing services,12.99,0.0,0,1.0,9.0
SVC-PACK-FRG,Packing service - fragile or large item,Packing services,24.99,0.0,0,1.0,18.0
PRT-BW,Black & white copy (per page),Printing,0.19,0.04,1,3.0,0.02
PRT-CLR,Color copy (per page),Printing,0.89,0.16,1,3.0,0.03
PRT-POSTER,Poster print 24x36,Printing,39.99,7.5,1,4.0,3.0
PRT-BIZCARD,Business cards (box of 250),Printing,49.99,9.0,1,6.0,2.0
PRT-BIND,Binding (per book),Printing,5.99,0.9,1,1.0,3.0
PRT-LAM,Lamination (per page),Printing,2.99,0.35,1,1.0,1.0
PRT-SCAN,Scanning (per page),Printing,0.99,0.02,0,2.0,0.2
MBX-S6,"Mailbox rental - small, 6 months",Mailbox,119.0,10.0,0,5.0,55.0
MBX-S12,"Mailbox rental - small, 12 months",Mailbox,219.0,18.0,0,5.0,110.0
MBX-M6,"Mailbox rental - medium, 6 months",Mailbox,159.0,14.0,0,5.0,55.0
MBX-M12,"Mailbox rental - medium, 12 months",Mailbox,289.0,26.0,0,5.0,110.0
MBX-L12,"Mailbox rental - large, 12 months",Mailbox,389.0,36.0,0,5.0,110.0
MBX-KEY,Mailbox key replacement,Mailbox,15.0,2.0,1,3.0,0.0
NOT-SIG,Notary (per signature),Notary,15.0,0.0,0,4.0,4.0
OTH-SHRED,Shredding (per lb),Other services,1.49,0.45,0,1.0,0.15
OTH-PHOTO,Passport photos (set of 2),Other services,16.99,1.2,0,1.0,5.0
OTH-FAX,Fax (per page),Other services,1.99,0.05,0,1.0,0.3
RTL-CARD,Greeting card,Retail,5.99,2.4,1,0.3,0.1
RTL-ENVPK,Envelope pack,Retail,3.99,1.1,1,0.3,0.1
