shift_id,employee_id,shift_date,start_time,end_time,hours
SH00001,E01,2024-09-03,07:45,16:15,8.5
SH00002,E02,2024-09-03,09:45,18:15,8.5
SH00003,E03,2024-09-03,11:00,19:15,8.25
SH00004,E01,2024-09-04,07:45,16:15,8.5
SH00005,E02,2024-09-04,09:45,18:15,8.5
SH00006,E03,2024-09-04,11:00,19:15,8.25
SH00007,E04,2024-09-04,15:00,19:15,4.25
SH00008,E01,2024-09-05,07:45,16:15,8.5
SH00009,E02,2024-09-05,09:45,18:15,8.5
SH00010,E03,2024-09-05,11:00,19:15,8.25
SH00011,E06,2024-09-05,15:00,19:15,4.25
SH00012,E01,2024-09-06,07:45,16:15,8.5
SH00013,E02,2024-09-06,09:45,18:15,8.5
SH00014,E03,2024-09-06,11:00,19:15,8.25
SH00015,E06,2024-09-06,15:00,19:15,4.25
SH00016,E03,2024-09-07,08:45,17:15,8.5
SH00017,E06,2024-09-07,08:45,17:15,8.5
SH00018,E01,2024-09-09,07:45,16:15,8.5
SH00019,E02,2024-09-09,09:45,18:15,8.5
SH00020,E04,2024-09-09,11:00,19:15,8.25
SH00021,E01,2024-09-10,07:45,16:15,8.5
SH00022,E02,2024-09-10,09:45,18:15,8.5
SH00023,E03,2024-09-10,11:00,19:15,8.25
SH00024,E01,2024-09-11,07:45,16:15,8.5
SH00025,E02,2024-09-11,09:45,18:15,8.5
SH00026,E03,2024-09-11,11:00,19:15,8.25
SH00027,E04,2024-09-11,15:00,19:15,4.25
SH00028,E01,2024-09-12,07:45,16:15,8.5
SH00029,E02,2024-09-12,09:45,18:15,8.5
SH00030,E03,2024-09-12,11:00,19:15,8.25
SH00031,E06,2024-09-12,15:00,19:15,4.25
SH00032,E01,2024-09-13,07:45,16:15,8.5
SH00033,E02,2024-09-13,09:45,18:15,8.5
SH00034,E03,2024-09-13,11:00,19:15,8.25
SH00035,E06,2024-09-13,15:00,19:15,4.25
SH00036,E03,2024-09-14,08:45,17:15,8.5
SH00037,E06,2024-09-14,08:45,17:15,8.5
SH00038,E01,2024-09-16,07:45,16:15,8.5
SH00039,E02,2024-09-16,09:45,18:15,8.5
SH00040,E04,2024-09-16,11:00,19:15,8.25
SH00041,E01,2024-09-17,07:45,16:15,8.5
SH00042,E02,2024-09-17,09:45,18:15,8.5
SH00043,E03,2024-09-17,11:00,19:15,8.25
SH00044,E01,2024-09-18,07:45,16:15,8.5
SH00045,E02,2024-09-18,09:45,18:15,8.5
SH00046,E03,2024-09-18,11:00,19:15,8.25
SH00047,E04,2024-09-18,15:00,19:15,4.25
SH00048,E01,2024-09-19,07:45,16:15,8.5
SH00049,E02,2024-09-19,09:45,18:15,8.5
SH00050,E03,2024-09-19,11:00,19:15,8.25
SH00051,E06,2024-09-19,15:00,19:15,4.25
SH00052,E01,2024-09-20,07:45,16:15,8.5
SH00053,E02,2024-09-20,09:45,18:15,8.5
SH00054,E03,2024-09-20,11:00,19:15,8.25
SH00055,E06,2024-09-20,15:00,19:15,4.25
SH00056,E03,2024-09-21,08:45,17:15,8.5
SH00057,E06,2024-09-21,08:45,17:15,8.5
SH00058,E01,2024-09-23,07:45,16:15,8.5
SH00059,E02,2024-09-23,09:45,18:15,8.5
SH00060,E04,2024-09-23,11:00,19:15,8.25
SH00061,E01,2024-09-24,07:45,16:15,8.5
SH00062,E02,2024-09-24,09:45,18:15,8.5
SH00063,E03,2024-09-24,11:00,19:15,8.25
SH00064,E01,2024-09-25,07:45,16:15,8.5
SH00065,E02,2024-09-25,09:45,18:15,8.5
SH00066,E03,2024-09-25,11:00,19:15,8.25
SH00067,E04,2024-09-25,15:00,19:15,4.25
SH00068,E01,2024-09-26,07:45,16:15,8.5
SH00069,E02,2024-09-26,09:45,18:15,8.5
SH00070,E03,2024-09-26,11:00,19:15,8.25
SH00071,E06,2024-09-26,15:00,19:15,4.25
SH00072,E01,2024-09-27,07:45,16:15,8.5
SH00073,E02,2024-09-27,09:45,18:15,8.5
SH00074,E03,2024-09-27,11:00,19:15,8.25
SH00075,E06,2024-09-27,15:00,19:15,4.25
SH00076,E03,2024-09-28,08:45,17:15,8.5
SH00077,E06,2024-09-28,08:45,17:15,8.5
SH00078,E01,2024-09-30,07:45,16:15,8.5
SH00079,E02,2024-09-30,09:45,18:15,8.5
SH00080,E04,2024-09-30,11:00,19:15,8.25
SH00081,E01,2024-10-01,07:45,16:15,8.5
SH00082,E02,2024-10-01,09:45,18:15,8.5
SH00083,E03,2024-10-01,11:00,19:15,8.25
SH00084,E01,2024-10-02,07:45,16:15,8.5
SH00085,E02,2024-10-02,09:45,18:15,8.5
SH00086,E03,2024-10-02,11:00,19:15,8.25
SH00087,E04,2024-10-02,15:00,19:15,4.25
SH00088,E01,2024-10-03,07:45,16:15,8.5
SH00089,E02,2024-10-03,09:45,18:15,8.5
SH00090,E03,2024-10-03,11:00,19:15,8.25
SH00091,E06,2024-10-03,15:00,19:15,4.25
SH00092,E01,2024-10-04,07:45,16:15,8.5
SH00093,E02,2024-10-04,09:45,18:15,8.5
SH00094,E03,2024-10-04,11:00,19:15,8.25
SH00095,E06,2024-10-04,15:00,19:15,4.25
SH00096,E03,2024-10-05,08:45,17:15,8.5
SH00097,E06,2024-10-05,08:45,17:15,8.5
SH00098,E01,2024-10-07,07:45,16:15,8.5
SH00099,E02,2024-10-07,09:45,18:15,8.5
SH00100,E04,2024-10-07,11:00,19:15,8.25
SH00101,E01,2024-10-08,07:45,16:15,8.5
SH00102,E02,2024-10-08,09:45,18:15,8.5
SH00103,E03,2024-10-08,11:00,19:15,8.25
SH00104,E01,2024-10-09,07:45,16:15,8.5
SH00105,E02,2024-10-09,09:45,18:15,8.5
SH00106,E03,2024-10-09,11:00,19:15,8.25
SH00107,E04,2024-10-09,15:00,19:15,4.25
SH00108,E01,2024-10-10,07:45,16:15,8.5
SH00109,E02,2024-10-10,09:45,18:15,8.5
SH00110,E03,2024-10-10,11:00,19:15,8.25
SH00111,E06,2024-10-10,15:00,19:15,4.25
SH00112,E01,2024-10-11,07:45,16:15,8.5
SH00113,E02,2024-10-11,09:45,18:15,8.5
SH00114,E03,2024-10-11,11:00,19:15,8.25
SH00115,E06,2024-10-11,15:00,19:15,4.25
SH00116,E03,2024-10-12,08:45,17:15,8.5
SH00117,E06,2024-10-12,08:45,17:15,8.5
SH00118,E01,2024-10-14,07:45,16:15,8.5
SH00119,E02,2024-10-14,09:45,18:15,8.5
SH00120,E04,2024-10-14,11:00,19:15,8.25
SH00121,E01,2024-10-15,07:45,16:15,8.5
SH00122,E02,2024-10-15,09:45,18:15,8.5
SH00123,E03,2024-10-15,11:00,19:15,8.25
SH00124,E01,2024-10-16,07:45,16:15,8.5
SH00125,E02,2024-10-16,09:45,18:15,8.5
SH00126,E03,2024-10-16,11:00,19:15,8.25
SH00127,E04,2024-10-16,15:00,19:15,4.25
SH00128,E01,2024-10-17,07:45,16:15,8.5
SH00129,E02,2024-10-17,09:45,18:15,8.5
SH00130,E03,2024-10-17,11:00,19:15,8.25
SH00131,E06,2024-10-17,15:00,19:15,4.25
SH00132,E01,2024-10-18,07:45,16:15,8.5
SH00133,E02,2024-10-18,09:45,18:15,8.5
SH00134,E03,2024-10-18,11:00,19:15,8.25
SH00135,E06,2024-10-18,15:00,19:15,4.25
SH00136,E03,2024-10-19,08:45,17:15,8.5
SH00137,E06,2024-10-19,08:45,17:15,8.5
SH00138,E01,2024-10-21,07:45,16:15,8.5
SH00139,E02,2024-10-21,09:45,18:15,8.5
SH00140,E04,2024-10-21,11:00,19:15,8.25
SH00141,E01,2024-10-22,07:45,16:15,8.5
SH00142,E02,2024-10-22,09:45,18:15,8.5
SH00143,E03,2024-10-22,11:00,19:15,8.25
SH00144,E01,2024-10-23,07:45,16:15,8.5
SH00145,E02,2024-10-23,09:45,18:15,8.5
SH00146,E03,2024-10-23,11:00,19:15,8.25
SH00147,E04,2024-10-23,15:00,19:15,4.25
SH00148,E01,2024-10-24,07:45,16:15,8.5
SH00149,E02,2024-10-24,09:45,18:15,8.5
SH00150,E03,2024-10-24,11:00,19:15,8.25
SH00151,E06,2024-10-24,15:00,19:15,4.25
SH00152,E01,2024-10-25,07:45,16:15,8.5
SH00153,E02,2024-10-25,09:45,18:15,8.5
SH00154,E03,2024-10-25,11:00,19:15,8.25
SH00155,E06,2024-10-25,15:00,19:15,4.25
SH00156,E03,2024-10-26,08:45,17:15,8.5
SH00157,E06,2024-10-26,08:45,17:15,8.5
SH00158,E01,2024-10-28,07:45,16:15,8.5
SH00159,E02,2024-10-28,09:45,18:15,8.5
SH00160,E04,2024-10-28,11:00,19:15,8.25
SH00161,E01,2024-10-29,07:45,16:15,8.5
SH00162,E02,2024-10-29,09:45,18:15,8.5
SH00163,E03,2024-10-29,11:00,19:15,8.25
SH00164,E01,2024-10-30,07:45,16:15,8.5
SH00165,E02,2024-10-30,09:45,18:15,8.5
SH00166,E03,2024-10-30,11:00,19:15,8.25
SH00167,E04,2024-10-30,15:00,19:15,4.25
SH00168,E01,2024-10-31,07:45,16:15,8.5
SH00169,E02,2024-10-31,09:45,18:15,8.5
SH00170,E03,2024-10-31,11:00,19:15,8.25
SH00171,E06,2024-10-31,15:00,19:15,4.25
SH00172,E01,2024-11-01,07:45,16:15,8.5
SH00173,E02,2024-11-01,09:45,18:15,8.5
SH00174,E03,2024-11-01,11:00,19:15,8.25
SH00175,E06,2024-11-01,15:00,19:15,4.25
SH00176,E03,2024-11-02,08:45,17:15,8.5
SH00177,E06,2024-11-02,08:45,17:15,8.5
SH00178,E01,2024-11-04,07:45,16:15,8.5
SH00179,E02,2024-11-04,09:45,18:15,8.5
SH00180,E04,2024-11-04,11:00,19:15,8.25
SH00181,E01,2024-11-05,07:45,16:15,8.5
SH00182,E02,2024-11-05,09:45,18:15,8.5
SH00183,E03,2024-11-05,11:00,19:15,8.25
SH00184,E01,2024-11-06,07:45,16:15,8.5
SH00185,E02,2024-11-06,09:45,18:15,8.5
SH00186,E03,2024-11-06,11:00,19:15,8.25
SH00187,E04,2024-11-06,15:00,19:15,4.25
SH00188,E01,2024-11-07,07:45,16:15,8.5
SH00189,E02,2024-11-07,09:45,18:15,8.5
SH00190,E03,2024-11-07,11:00,19:15,8.25
SH00191,E06,2024-11-07,15:00,19:15,4.25
SH00192,E01,2024-11-08,07:45,16:15,8.5
SH00193,E02,2024-11-08,09:45,18:15,8.5
SH00194,E03,2024-11-08,11:00,19:15,8.25
SH00195,E06,2024-11-08,15:00,19:15,4.25
SH00196,E03,2024-11-09,08:45,17:15,8.5
SH00197,E06,2024-11-09,08:45,17:15,8.5
SH00198,E01,2024-11-11,07:45,16:15,8.5
SH00199,E02,2024-11-11,09:45,18:15,8.5
SH00200,E04,2024-11-11,11:00,19:15,8.25
SH00201,E01,2024-11-12,07:45,16:15,8.5
SH00202,E02,2024-11-12,09:45,18:15,8.5
SH00203,E03,2024-11-12,11:00,19:15,8.25
SH00204,E01,2024-11-13,07:45,16:15,8.5
SH00205,E02,2024-11-13,09:45,18:15,8.5
SH00206,E03,2024-11-13,11:00,19:15,8.25
SH00207,E04,2024-11-13,15:00,19:15,4.25
SH00208,E01,2024-11-14,07:45,16:15,8.5
SH00209,E02,2024-11-14,09:45,18:15,8.5
SH00210,E03,2024-11-14,11:00,19:15,8.25
SH00211,E06,2024-11-14,15:00,19:15,4.25
SH00212,E01,2024-11-15,07:45,16:15,8.5
SH00213,E02,2024-11-15,09:45,18:15,8.5
SH00214,E03,2024-11-15,11:00,19:15,8.25
SH00215,E06,2024-11-15,15:00,19:15,4.25
SH00216,E03,2024-11-16,08:45,17:15,8.5
SH00217,E06,2024-11-16,08:45,17:15,8.5
SH00218,E01,2024-11-18,07:45,16:15,8.5
SH00219,E02,2024-11-18,09:45,18:15,8.5
SH00220,E04,2024-11-18,11:00,19:15,8.25
SH00221,E07,2024-11-18,10:00,18:30,8.5
SH00222,E01,2024-11-19,07:45,16:15,8.5
SH00223,E02,2024-11-19,09:45,18:15,8.5
SH00224,E03,2024-11-19,11:00,19:15,8.25
SH00225,E07,2024-11-19,10:00,18:30,8.5
SH00226,E01,2024-11-20,07:45,16:15,8.5
SH00227,E02,2024-11-20,09:45,18:15,8.5
SH00228,E03,2024-11-20,11:00,19:15,8.25
SH00229,E04,2024-11-20,15:00,19:15,4.25
SH00230,E07,2024-11-20,10:00,18:30,8.5
SH00231,E01,2024-11-21,07:45,16:15,8.5
SH00232,E02,2024-11-21,09:45,18:15,8.5
SH00233,E03,2024-11-21,11:00,19:15,8.25
SH00234,E06,2024-11-21,15:00,19:15,4.25
SH00235,E07,2024-11-21,10:00,18:30,8.5
SH00236,E01,2024-11-22,07:45,16:15,8.5
SH00237,E02,2024-11-22,09:45,18:15,8.5
SH00238,E03,2024-11-22,11:00,19:15,8.25
SH00239,E06,2024-11-22,15:00,19:15,4.25
SH00240,E07,2024-11-22,10:00,18:30,8.5
SH00241,E03,2024-11-23,08:45,17:15,8.5
SH00242,E06,2024-11-23,08:45,17:15,8.5
SH00243,E07,2024-11-23,10:00,17:15,7.25
SH00244,E01,2024-11-25,07:45,16:15,8.5
SH00245,E02,2024-11-25,09:45,18:15,8.5
SH00246,E04,2024-11-25,11:00,19:15,8.25
SH00247,E07,2024-11-25,10:00,18:30,8.5
SH00248,E01,2024-11-26,07:45,16:15,8.5
SH00249,E02,2024-11-26,09:45,18:15,8.5
SH00250,E03,2024-11-26,11:00,19:15,8.25
SH00251,E07,2024-11-26,10:00,18:30,8.5
SH00252,E01,2024-11-27,07:45,16:15,8.5
SH00253,E02,2024-11-27,09:45,18:15,8.5
SH00254,E03,2024-11-27,11:00,19:15,8.25
SH00255,E04,2024-11-27,15:00,19:15,4.25
SH00256,E07,2024-11-27,10:00,18:30,8.5
SH00257,E01,2024-11-29,07:45,16:15,8.5
SH00258,E02,2024-11-29,09:45,18:15,8.5
SH00259,E03,2024-11-29,11:00,19:15,8.25
SH00260,E06,2024-11-29,15:00,19:15,4.25
SH00261,E07,2024-11-29,10:00,18:30,8.5
SH00262,E03,2024-11-30,08:45,17:15,8.5
SH00263,E06,2024-11-30,08:45,17:15,8.5
SH00264,E07,2024-11-30,10:00,17:15,7.25
SH00265,E01,2024-12-02,07:45,16:15,8.5
SH00266,E02,2024-12-02,09:45,18:15,8.5
SH00267,E04,2024-12-02,11:00,19:15,8.25
SH00268,E07,2024-12-02,10:00,18:30,8.5
SH00269,E01,2024-12-03,07:45,16:15,8.5
SH00270,E02,2024-12-03,09:45,18:15,8.5
SH00271,E03,2024-12-03,11:00,19:15,8.25
SH00272,E07,2024-12-03,10:00,18:30,8.5
SH00273,E01,2024-12-04,07:45,16:15,8.5
SH00274,E02,2024-12-04,09:45,18:15,8.5
SH00275,E03,2024-12-04,11:00,19:15,8.25
SH00276,E04,2024-12-04,15:00,19:15,4.25
SH00277,E07,2024-12-04,10:00,18:30,8.5
SH00278,E01,2024-12-05,07:45,16:15,8.5
SH00279,E02,2024-12-05,09:45,18:15,8.5
SH00280,E03,2024-12-05,11:00,19:15,8.25
SH00281,E06,2024-12-05,15:00,19:15,4.25
SH00282,E07,2024-12-05,10:00,18:30,8.5
SH00283,E01,2024-12-06,07:45,16:15,8.5
SH00284,E02,2024-12-06,09:45,18:15,8.5
SH00285,E03,2024-12-06,11:00,19:15,8.25
SH00286,E06,2024-12-06,15:00,19:15,4.25
SH00287,E07,2024-12-06,10:00,18:30,8.5
SH00288,E03,2024-12-07,08:45,17:15,8.5
SH00289,E06,2024-12-07,08:45,17:15,8.5
SH00290,E07,2024-12-07,10:00,17:15,7.25
SH00291,E01,2024-12-09,07:45,16:15,8.5
SH00292,E02,2024-12-09,09:45,18:15,8.5
SH00293,E04,2024-12-09,11:00,19:15,8.25
SH00294,E07,2024-12-09,10:00,18:30,8.5
SH00295,E01,2024-12-10,07:45,16:15,8.5
SH00296,E02,2024-12-10,09:45,18:15,8.5
SH00297,E03,2024-12-10,11:00,19:15,8.25
SH00298,E07,2024-12-10,10:00,18:30,8.5
SH00299,E01,2024-12-11,07:45,16:15,8.5
SH00300,E02,2024-12-11,09:45,18:15,8.5
SH00301,E03,2024-12-11,11:00,19:15,8.25
SH00302,E04,2024-12-11,15:00,19:15,4.25
SH00303,E07,2024-12-11,10:00,18:30,8.5
SH00304,E01,2024-12-12,07:45,16:15,8.5
SH00305,E02,2024-12-12,09:45,18:15,8.5
SH00306,E03,2024-12-12,11:00,19:15,8.25
SH00307,E06,2024-12-12,15:00,19:15,4.25
SH00308,E07,2024-12-12,10:00,18:30,8.5
SH00309,E01,2024-12-13,07:45,16:15,8.5
SH00310,E02,2024-12-13,09:45,18:15,8.5
SH00311,E03,2024-12-13,11:00,19:15,8.25
SH00312,E06,2024-12-13,15:00,19:15,4.25
SH00313,E07,2024-12-13,10:00,18:30,8.5
SH00314,E03,2024-12-14,08:45,17:15,8.5
SH00315,E06,2024-12-14,08:45,17:15,8.5
SH00316,E07,2024-12-14,10:00,17:15,7.25
SH00317,E01,2024-12-16,07:45,16:15,8.5
SH00318,E02,2024-12-16,09:45,18:15,8.5
SH00319,E04,2024-12-16,11:00,19:15,8.25
SH00320,E07,2024-12-16,10:00,18:30,8.5
SH00321,E01,2024-12-17,07:45,16:15,8.5
SH00322,E02,2024-12-17,09:45,18:15,8.5
SH00323,E03,2024-12-17,11:00,19:15,8.25
SH00324,E07,2024-12-17,10:00,18:30,8.5
SH00325,E01,2024-12-18,07:45,16:15,8.5
SH00326,E02,2024-12-18,09:45,18:15,8.5
SH00327,E03,2024-12-18,11:00,19:15,8.25
SH00328,E04,2024-12-18,15:00,19:15,4.25
SH00329,E07,2024-12-18,10:00,18:30,8.5
SH00330,E01,2024-12-19,07:45,16:15,8.5
SH00331,E02,2024-12-19,09:45,18:15,8.5
SH00332,E03,2024-12-19,11:00,19:15,8.25
SH00333,E06,2024-12-19,15:00,19:15,4.25
SH00334,E07,2024-12-19,10:00,18:30,8.5
SH00335,E01,2024-12-20,07:45,16:15,8.5
SH00336,E02,2024-12-20,09:45,18:15,8.5
SH00337,E03,2024-12-20,11:00,19:15,8.25
SH00338,E06,2024-12-20,15:00,19:15,4.25
SH00339,E07,2024-12-20,10:00,18:30,8.5
SH00340,E03,2024-12-21,08:45,17:15,8.5
SH00341,E06,2024-12-21,08:45,17:15,8.5
SH00342,E07,2024-12-21,10:00,17:15,7.25
SH00343,E01,2024-12-23,07:45,16:15,8.5
SH00344,E02,2024-12-23,09:45,18:15,8.5
SH00345,E04,2024-12-23,11:00,19:15,8.25
SH00346,E07,2024-12-23,10:00,18:30,8.5
SH00347,E01,2024-12-24,07:45,14:15,6.5
SH00348,E02,2024-12-24,09:45,14:15,4.5
SH00349,E03,2024-12-24,11:00,14:15,3.25
SH00350,E01,2024-12-26,07:45,16:15,8.5
SH00351,E02,2024-12-26,09:45,18:15,8.5
SH00352,E03,2024-12-26,11:00,19:15,8.25
SH00353,E06,2024-12-26,15:00,19:15,4.25
SH00354,E01,2024-12-27,07:45,16:15,8.5
SH00355,E02,2024-12-27,09:45,18:15,8.5
SH00356,E03,2024-12-27,11:00,19:15,8.25
SH00357,E06,2024-12-27,15:00,19:15,4.25
SH00358,E03,2024-12-28,08:45,17:15,8.5
SH00359,E06,2024-12-28,08:45,17:15,8.5
SH00360,E01,2024-12-30,07:45,16:15,8.5
SH00361,E02,2024-12-30,09:45,18:15,8.5
SH00362,E04,2024-12-30,11:00,19:15,8.25
SH00363,E01,2024-12-31,07:45,16:15,8.5
SH00364,E02,2024-12-31,09:45,16:15,6.5
SH00365,E03,2024-12-31,11:00,16:15,5.25
SH00366,E01,2025-01-02,07:45,16:15,8.5
SH00367,E02,2025-01-02,09:45,18:15,8.5
SH00368,E03,2025-01-02,11:00,19:15,8.25
SH00369,E06,2025-01-02,15:00,19:15,4.25
SH00370,E01,2025-01-03,07:45,16:15,8.5
SH00371,E02,2025-01-03,09:45,18:15,8.5
SH00372,E03,2025-01-03,11:00,19:15,8.25
SH00373,E06,2025-01-03,15:00,19:15,4.25
SH00374,E03,2025-01-04,08:45,17:15,8.5
SH00375,E06,2025-01-04,08:45,17:15,8.5
SH00376,E01,2025-01-06,07:45,16:15,8.5
SH00377,E02,2025-01-06,09:45,18:15,8.5
SH00378,E04,2025-01-06,11:00,19:15,8.25
SH00379,E01,2025-01-07,07:45,16:15,8.5
SH00380,E02,2025-01-07,09:45,18:15,8.5
SH00381,E03,2025-01-07,11:00,19:15,8.25
SH00382,E01,2025-01-08,07:45,16:15,8.5
SH00383,E02,2025-01-08,09:45,18:15,8.5
SH00384,E03,2025-01-08,11:00,19:15,8.25
SH00385,E04,2025-01-08,15:00,19:15,4.25
SH00386,E01,2025-01-09,07:45,16:15,8.5
SH00387,E02,2025-01-09,09:45,18:15,8.5
SH00388,E03,2025-01-09,11:00,19:15,8.25
SH00389,E06,2025-01-09,15:00,19:15,4.25
SH00390,E01,2025-01-10,07:45,16:15,8.5
SH00391,E02,2025-01-10,09:45,18:15,8.5
SH00392,E03,2025-01-10,11:00,19:15,8.25
SH00393,E06,2025-01-10,15:00,19:15,4.25
SH00394,E03,2025-01-11,08:45,17:15,8.5
SH00395,E06,2025-01-11,08:45,17:15,8.5
SH00396,E01,2025-01-13,07:45,16:15,8.5
SH00397,E02,2025-01-13,09:45,18:15,8.5
SH00398,E04,2025-01-13,11:00,19:15,8.25
SH00399,E01,2025-01-14,07:45,16:15,8.5
SH00400,E02,2025-01-14,09:45,18:15,8.5
SH00401,E03,2025-01-14,11:00,19:15,8.25
SH00402,E01,2025-01-15,07:45,16:15,8.5
SH00403,E02,2025-01-15,09:45,18:15,8.5
SH00404,E03,2025-01-15,11:00,19:15,8.25
SH00405,E04,2025-01-15,15:00,19:15,4.25
SH00406,E01,2025-01-16,07:45,16:15,8.5
SH00407,E02,2025-01-16,09:45,18:15,8.5
SH00408,E03,2025-01-16,11:00,19:15,8.25
SH00409,E06,2025-01-16,15:00,19:15,4.25
SH00410,E01,2025-01-17,07:45,16:15,8.5
SH00411,E02,2025-01-17,09:45,18:15,8.5
SH00412,E03,2025-01-17,11:00,19:15,8.25
SH00413,E06,2025-01-17,15:00,19:15,4.25
SH00414,E03,2025-01-18,08:45,17:15,8.5
SH00415,E06,2025-01-18,08:45,17:15,8.5
SH00416,E01,2025-01-20,07:45,16:15,8.5
SH00417,E02,2025-01-20,09:45,18:15,8.5
SH00418,E04,2025-01-20,11:00,19:15,8.25
SH00419,E01,2025-01-21,07:45,16:15,8.5
SH00420,E02,2025-01-21,09:45,18:15,8.5
SH00421,E03,2025-01-21,11:00,19:15,8.25
SH00422,E01,2025-01-22,07:45,16:15,8.5
SH00423,E02,2025-01-22,09:45,18:15,8.5
SH00424,E03,2025-01-22,11:00,19:15,8.25
SH00425,E04,2025-01-22,15:00,19:15,4.25
SH00426,E01,2025-01-23,07:45,16:15,8.5
SH00427,E02,2025-01-23,09:45,18:15,8.5
SH00428,E03,2025-01-23,11:00,19:15,8.25
SH00429,E06,2025-01-23,15:00,19:15,4.25
SH00430,E01,2025-01-24,07:45,16:15,8.5
SH00431,E02,2025-01-24,09:45,18:15,8.5
SH00432,E03,2025-01-24,11:00,19:15,8.25
SH00433,E06,2025-01-24,15:00,19:15,4.25
SH00434,E03,2025-01-25,08:45,17:15,8.5
SH00435,E06,2025-01-25,08:45,17:15,8.5
SH00436,E01,2025-01-27,07:45,16:15,8.5
SH00437,E02,2025-01-27,09:45,18:15,8.5
SH00438,E04,2025-01-27,11:00,19:15,8.25
SH00439,E01,2025-01-28,07:45,16:15,8.5
SH00440,E02,2025-01-28,09:45,18:15,8.5
SH00441,E03,2025-01-28,11:00,19:15,8.25
SH00442,E01,2025-01-29,07:45,16:15,8.5
SH00443,E02,2025-01-29,09:45,18:15,8.5
SH00444,E03,2025-01-29,11:00,19:15,8.25
SH00445,E04,2025-01-29,15:00,19:15,4.25
SH00446,E01,2025-01-30,07:45,16:15,8.5
SH00447,E02,2025-01-30,09:45,18:15,8.5
SH00448,E03,2025-01-30,11:00,19:15,8.25
SH00449,E06,2025-01-30,15:00,19:15,4.25
SH00450,E01,2025-01-31,07:45,16:15,8.5
SH00451,E02,2025-01-31,09:45,18:15,8.5
SH00452,E03,2025-01-31,11:00,19:15,8.25
SH00453,E06,2025-01-31,15:00,19:15,4.25
SH00454,E03,2025-02-01,08:45,17:15,8.5
SH00455,E06,2025-02-01,08:45,17:15,8.5
SH00456,E01,2025-02-03,07:45,16:15,8.5
SH00457,E02,2025-02-03,09:45,18:15,8.5
SH00458,E04,2025-02-03,11:00,19:15,8.25
SH00459,E01,2025-02-04,07:45,16:15,8.5
SH00460,E02,2025-02-04,09:45,18:15,8.5
SH00461,E03,2025-02-04,11:00,19:15,8.25
SH00462,E01,2025-02-05,07:45,16:15,8.5
SH00463,E02,2025-02-05,09:45,18:15,8.5
SH00464,E03,2025-02-05,11:00,19:15,8.25
SH00465,E04,2025-02-05,15:00,19:15,4.25
SH00466,E01,2025-02-06,07:45,16:15,8.5
SH00467,E02,2025-02-06,09:45,18:15,8.5
SH00468,E03,2025-02-06,11:00,19:15,8.25
SH00469,E06,2025-02-06,15:00,19:15,4.25
SH00470,E01,2025-02-07,07:45,16:15,8.5
SH00471,E02,2025-02-07,09:45,18:15,8.5
SH00472,E03,2025-02-07,11:00,19:15,8.25
SH00473,E06,2025-02-07,15:00,19:15,4.25
SH00474,E03,2025-02-08,08:45,17:15,8.5
SH00475,E06,2025-02-08,08:45,17:15,8.5
SH00476,E01,2025-02-10,07:45,16:15,8.5
SH00477,E02,2025-02-10,09:45,18:15,8.5
SH00478,E04,2025-02-10,11:00,19:15,8.25
SH00479,E01,2025-02-11,07:45,16:15,8.5
SH00480,E02,2025-02-11,09:45,18:15,8.5
SH00481,E03,2025-02-11,11:00,19:15,8.25
SH00482,E01,2025-02-12,07:45,16:15,8.5
SH00483,E02,2025-02-12,09:45,18:15,8.5
SH00484,E03,2025-02-12,11:00,19:15,8.25
SH00485,E04,2025-02-12,15:00,19:15,4.25
SH00486,E01,2025-02-13,07:45,16:15,8.5
SH00487,E02,2025-02-13,09:45,18:15,8.5
SH00488,E03,2025-02-13,11:00,19:15,8.25
SH00489,E06,2025-02-13,15:00,19:15,4.25
SH00490,E01,2025-02-14,07:45,16:15,8.5
SH00491,E02,2025-02-14,09:45,18:15,8.5
SH00492,E03,2025-02-14,11:00,19:15,8.25
SH00493,E06,2025-02-14,15:00,19:15,4.25
SH00494,E03,2025-02-15,08:45,17:15,8.5
SH00495,E06,2025-02-15,08:45,17:15,8.5
SH00496,E01,2025-02-17,07:45,16:15,8.5
SH00497,E02,2025-02-17,09:45,18:15,8.5
SH00498,E04,2025-02-17,11:00,19:15,8.25
SH00499,E01,2025-02-18,07:45,16:15,8.5
SH00500,E02,2025-02-18,09:45,18:15,8.5
SH00501,E03,2025-02-18,11:00,19:15,8.25
SH00502,E01,2025-02-19,07:45,16:15,8.5
SH00503,E02,2025-02-19,09:45,18:15,8.5
SH00504,E03,2025-02-19,11:00,19:15,8.25
SH00505,E04,2025-02-19,15:00,19:15,4.25
SH00506,E01,2025-02-20,07:45,16:15,8.5
SH00507,E02,2025-02-20,09:45,18:15,8.5
SH00508,E03,2025-02-20,11:00,19:15,8.25
SH00509,E06,2025-02-20,15:00,19:15,4.25
SH00510,E01,2025-02-21,07:45,16:15,8.5
SH00511,E02,2025-02-21,09:45,18:15,8.5
SH00512,E03,2025-02-21,11:00,19:15,8.25
SH00513,E06,2025-02-21,15:00,19:15,4.25
SH00514,E03,2025-02-22,08:45,17:15,8.5
SH00515,E04,2025-02-22,08:45,17:15,8.5
SH00516,E01,2025-02-24,07:45,16:15,8.5
SH00517,E02,2025-02-24,09:45,18:15,8.5
SH00518,E04,2025-02-24,11:00,19:15,8.25
SH00519,E01,2025-02-25,07:45,16:15,8.5
SH00520,E02,2025-02-25,09:45,18:15,8.5
SH00521,E03,2025-02-25,11:00,19:15,8.25
SH00522,E01,2025-02-26,07:45,16:15,8.5
SH00523,E02,2025-02-26,09:45,18:15,8.5
SH00524,E03,2025-02-26,11:00,19:15,8.25
SH00525,E04,2025-02-26,15:00,19:15,4.25
SH00526,E01,2025-02-27,07:45,16:15,8.5
SH00527,E02,2025-02-27,09:45,18:15,8.5
SH00528,E03,2025-02-27,11:00,19:15,8.25
SH00529,E04,2025-02-27,15:00,19:15,4.25
SH00530,E01,2025-02-28,07:45,16:15,8.5
SH00531,E02,2025-02-28,09:45,18:15,8.5
SH00532,E03,2025-02-28,11:00,19:15,8.25
SH00533,E04,2025-02-28,15:00,19:15,4.25
SH00534,E03,2025-03-01,08:45,17:15,8.5
SH00535,E04,2025-03-01,08:45,17:15,8.5
SH00536,E01,2025-03-03,07:45,16:15,8.5
SH00537,E02,2025-03-03,09:45,18:15,8.5
SH00538,E04,2025-03-03,11:00,19:15,8.25
SH00539,E01,2025-03-04,07:45,16:15,8.5
SH00540,E02,2025-03-04,09:45,18:15,8.5
SH00541,E03,2025-03-04,11:00,19:15,8.25
SH00542,E01,2025-03-05,07:45,16:15,8.5
SH00543,E02,2025-03-05,09:45,18:15,8.5
SH00544,E03,2025-03-05,11:00,19:15,8.25
SH00545,E04,2025-03-05,15:00,19:15,4.25
SH00546,E01,2025-03-06,07:45,16:15,8.5
SH00547,E02,2025-03-06,09:45,18:15,8.5
SH00548,E03,2025-03-06,11:00,19:15,8.25
SH00549,E05,2025-03-06,15:00,19:15,4.25
SH00550,E01,2025-03-07,07:45,16:15,8.5
SH00551,E02,2025-03-07,09:45,18:15,8.5
SH00552,E03,2025-03-07,11:00,19:15,8.25
SH00553,E05,2025-03-07,15:00,19:15,4.25
SH00554,E03,2025-03-08,08:45,17:15,8.5
SH00555,E05,2025-03-08,08:45,17:15,8.5
SH00556,E01,2025-03-10,07:45,16:15,8.5
SH00557,E02,2025-03-10,09:45,18:15,8.5
SH00558,E04,2025-03-10,11:00,19:15,8.25
SH00559,E01,2025-03-11,07:45,16:15,8.5
SH00560,E02,2025-03-11,09:45,18:15,8.5
SH00561,E03,2025-03-11,11:00,19:15,8.25
SH00562,E01,2025-03-12,07:45,16:15,8.5
SH00563,E02,2025-03-12,09:45,18:15,8.5
SH00564,E03,2025-03-12,11:00,19:15,8.25
SH00565,E04,2025-03-12,15:00,19:15,4.25
SH00566,E01,2025-03-13,07:45,16:15,8.5
SH00567,E02,2025-03-13,09:45,18:15,8.5
SH00568,E03,2025-03-13,11:00,19:15,8.25
SH00569,E05,2025-03-13,15:00,19:15,4.25
SH00570,E01,2025-03-14,07:45,16:15,8.5
SH00571,E02,2025-03-14,09:45,18:15,8.5
SH00572,E03,2025-03-14,11:00,19:15,8.25
SH00573,E05,2025-03-14,15:00,19:15,4.25
SH00574,E03,2025-03-15,08:45,17:15,8.5
SH00575,E05,2025-03-15,08:45,17:15,8.5
SH00576,E01,2025-03-17,07:45,16:15,8.5
SH00577,E05,2025-03-17,09:45,18:15,8.5
SH00578,E04,2025-03-17,11:00,19:15,8.25
SH00579,E01,2025-03-18,07:45,16:15,8.5
SH00580,E04,2025-03-18,09:45,18:15,8.5
SH00581,E03,2025-03-18,11:00,19:15,8.25
SH00582,E01,2025-03-19,07:45,16:15,8.5
SH00583,E05,2025-03-19,09:45,18:15,8.5
SH00584,E03,2025-03-19,11:00,19:15,8.25
SH00585,E04,2025-03-19,15:00,19:15,4.25
SH00586,E01,2025-03-20,07:45,16:15,8.5
SH00587,E04,2025-03-20,09:45,18:15,8.5
SH00588,E03,2025-03-20,11:00,19:15,8.25
SH00589,E05,2025-03-20,15:00,19:15,4.25
SH00590,E01,2025-03-21,07:45,16:15,8.5
SH00591,E04,2025-03-21,09:45,18:15,8.5
SH00592,E03,2025-03-21,11:00,19:15,8.25
SH00593,E05,2025-03-21,15:00,19:15,4.25
SH00594,E03,2025-03-22,08:45,17:15,8.5
SH00595,E05,2025-03-22,08:45,17:15,8.5
SH00596,E01,2025-03-24,07:45,16:15,8.5
SH00597,E02,2025-03-24,09:45,18:15,8.5
SH00598,E04,2025-03-24,11:00,19:15,8.25
SH00599,E01,2025-03-25,07:45,16:15,8.5
SH00600,E02,2025-03-25,09:45,18:15,8.5
SH00601,E03,2025-03-25,11:00,19:15,8.25
SH00602,E01,2025-03-26,07:45,16:15,8.5
SH00603,E02,2025-03-26,09:45,18:15,8.5
SH00604,E03,2025-03-26,11:00,19:15,8.25
SH00605,E04,2025-03-26,15:00,19:15,4.25
SH00606,E01,2025-03-27,07:45,16:15,8.5
SH00607,E02,2025-03-27,09:45,18:15,8.5
SH00608,E03,2025-03-27,11:00,19:15,8.25
SH00609,E05,2025-03-27,15:00,19:15,4.25
SH00610,E01,2025-03-28,07:45,16:15,8.5
SH00611,E02,2025-03-28,09:45,18:15,8.5
SH00612,E03,2025-03-28,11:00,19:15,8.25
SH00613,E05,2025-03-28,15:00,19:15,4.25
SH00614,E03,2025-03-29,08:45,17:15,8.5
SH00615,E05,2025-03-29,08:45,17:15,8.5
SH00616,E01,2025-03-31,07:45,16:15,8.5
SH00617,E02,2025-03-31,09:45,18:15,8.5
SH00618,E04,2025-03-31,11:00,19:15,8.25
SH00619,E01,2025-04-01,07:45,16:15,8.5
SH00620,E02,2025-04-01,09:45,18:15,8.5
SH00621,E03,2025-04-01,11:00,19:15,8.25
SH00622,E01,2025-04-02,07:45,16:15,8.5
SH00623,E02,2025-04-02,09:45,18:15,8.5
SH00624,E03,2025-04-02,11:00,19:15,8.25
SH00625,E04,2025-04-02,15:00,19:15,4.25
SH00626,E01,2025-04-03,07:45,16:15,8.5
SH00627,E02,2025-04-03,09:45,18:15,8.5
SH00628,E03,2025-04-03,11:00,19:15,8.25
SH00629,E05,2025-04-03,15:00,19:15,4.25
SH00630,E01,2025-04-04,07:45,16:15,8.5
SH00631,E02,2025-04-04,09:45,18:15,8.5
SH00632,E03,2025-04-04,11:00,19:15,8.25
SH00633,E05,2025-04-04,15:00,19:15,4.25
SH00634,E03,2025-04-05,08:45,17:15,8.5
SH00635,E05,2025-04-05,08:45,17:15,8.5
SH00636,E01,2025-04-07,07:45,16:15,8.5
SH00637,E02,2025-04-07,09:45,18:15,8.5
SH00638,E04,2025-04-07,11:00,19:15,8.25
SH00639,E01,2025-04-08,07:45,16:15,8.5
SH00640,E02,2025-04-08,09:45,18:15,8.5
SH00641,E03,2025-04-08,11:00,19:15,8.25
SH00642,E01,2025-04-09,07:45,16:15,8.5
SH00643,E02,2025-04-09,09:45,18:15,8.5
SH00644,E03,2025-04-09,11:00,19:15,8.25
SH00645,E04,2025-04-09,15:00,19:15,4.25
SH00646,E01,2025-04-10,07:45,16:15,8.5
SH00647,E02,2025-04-10,09:45,18:15,8.5
SH00648,E03,2025-04-10,11:00,19:15,8.25
SH00649,E05,2025-04-10,15:00,19:15,4.25
SH00650,E01,2025-04-11,07:45,16:15,8.5
SH00651,E02,2025-04-11,09:45,18:15,8.5
SH00652,E03,2025-04-11,11:00,19:15,8.25
SH00653,E05,2025-04-11,15:00,19:15,4.25
SH00654,E03,2025-04-12,08:45,17:15,8.5
SH00655,E05,2025-04-12,08:45,17:15,8.5
SH00656,E01,2025-04-14,07:45,16:15,8.5
SH00657,E02,2025-04-14,09:45,18:15,8.5
SH00658,E04,2025-04-14,11:00,19:15,8.25
SH00659,E01,2025-04-15,07:45,16:15,8.5
SH00660,E02,2025-04-15,09:45,18:15,8.5
SH00661,E03,2025-04-15,11:00,19:15,8.25
SH00662,E01,2025-04-16,07:45,16:15,8.5
SH00663,E02,2025-04-16,09:45,18:15,8.5
SH00664,E03,2025-04-16,11:00,19:15,8.25
SH00665,E04,2025-04-16,15:00,19:15,4.25
SH00666,E01,2025-04-17,07:45,16:15,8.5
SH00667,E02,2025-04-17,09:45,18:15,8.5
SH00668,E03,2025-04-17,11:00,19:15,8.25
SH00669,E05,2025-04-17,15:00,19:15,4.25
SH00670,E01,2025-04-18,07:45,16:15,8.5
SH00671,E02,2025-04-18,09:45,18:15,8.5
SH00672,E03,2025-04-18,11:00,19:15,8.25
SH00673,E05,2025-04-18,15:00,19:15,4.25
SH00674,E03,2025-04-19,08:45,17:15,8.5
SH00675,E05,2025-04-19,08:45,17:15,8.5
SH00676,E01,2025-04-21,07:45,16:15,8.5
SH00677,E02,2025-04-21,09:45,18:15,8.5
SH00678,E04,2025-04-21,11:00,19:15,8.25
SH00679,E01,2025-04-22,07:45,16:15,8.5
SH00680,E02,2025-04-22,09:45,18:15,8.5
SH00681,E03,2025-04-22,11:00,19:15,8.25
SH00682,E01,2025-04-23,07:45,16:15,8.5
SH00683,E02,2025-04-23,09:45,18:15,8.5
SH00684,E03,2025-04-23,11:00,19:15,8.25
SH00685,E04,2025-04-23,15:00,19:15,4.25
SH00686,E01,2025-04-24,07:45,16:15,8.5
SH00687,E02,2025-04-24,09:45,18:15,8.5
SH00688,E03,2025-04-24,11:00,19:15,8.25
SH00689,E05,2025-04-24,15:00,19:15,4.25
SH00690,E01,2025-04-25,07:45,16:15,8.5
SH00691,E02,2025-04-25,09:45,18:15,8.5
SH00692,E03,2025-04-25,11:00,19:15,8.25
SH00693,E05,2025-04-25,15:00,19:15,4.25
SH00694,E03,2025-04-26,08:45,17:15,8.5
SH00695,E05,2025-04-26,08:45,17:15,8.5
SH00696,E01,2025-04-28,07:45,16:15,8.5
SH00697,E02,2025-04-28,09:45,18:15,8.5
SH00698,E04,2025-04-28,11:00,19:15,8.25
SH00699,E01,2025-04-29,07:45,16:15,8.5
SH00700,E02,2025-04-29,09:45,18:15,8.5
SH00701,E03,2025-04-29,11:00,19:15,8.25
SH00702,E01,2025-04-30,07:45,16:15,8.5
SH00703,E02,2025-04-30,09:45,18:15,8.5
SH00704,E03,2025-04-30,11:00,19:15,8.25
SH00705,E04,2025-04-30,15:00,19:15,4.25
SH00706,E01,2025-05-01,07:45,16:15,8.5
SH00707,E02,2025-05-01,09:45,18:15,8.5
SH00708,E03,2025-05-01,11:00,19:15,8.25
SH00709,E05,2025-05-01,15:00,19:15,4.25
SH00710,E01,2025-05-02,07:45,16:15,8.5
SH00711,E02,2025-05-02,09:45,18:15,8.5
SH00712,E03,2025-05-02,11:00,19:15,8.25
SH00713,E05,2025-05-02,15:00,19:15,4.25
SH00714,E03,2025-05-03,08:45,17:15,8.5
SH00715,E05,2025-05-03,08:45,17:15,8.5
SH00716,E01,2025-05-05,07:45,16:15,8.5
SH00717,E02,2025-05-05,09:45,18:15,8.5
SH00718,E04,2025-05-05,11:00,19:15,8.25
SH00719,E01,2025-05-06,07:45,16:15,8.5
SH00720,E02,2025-05-06,09:45,18:15,8.5
SH00721,E03,2025-05-06,11:00,19:15,8.25
SH00722,E01,2025-05-07,07:45,16:15,8.5
SH00723,E02,2025-05-07,09:45,18:15,8.5
SH00724,E03,2025-05-07,11:00,19:15,8.25
SH00725,E04,2025-05-07,15:00,19:15,4.25
SH00726,E01,2025-05-08,07:45,16:15,8.5
SH00727,E02,2025-05-08,09:45,18:15,8.5
SH00728,E03,2025-05-08,11:00,19:15,8.25
SH00729,E05,2025-05-08,15:00,19:15,4.25
SH00730,E01,2025-05-09,07:45,16:15,8.5
SH00731,E02,2025-05-09,09:45,18:15,8.5
SH00732,E03,2025-05-09,11:00,19:15,8.25
SH00733,E05,2025-05-09,15:00,19:15,4.25
SH00734,E03,2025-05-10,08:45,17:15,8.5
SH00735,E05,2025-05-10,08:45,17:15,8.5
SH00736,E01,2025-05-12,07:45,16:15,8.5
SH00737,E02,2025-05-12,09:45,18:15,8.5
SH00738,E04,2025-05-12,11:00,19:15,8.25
SH00739,E01,2025-05-13,07:45,16:15,8.5
SH00740,E02,2025-05-13,09:45,18:15,8.5
SH00741,E03,2025-05-13,11:00,19:15,8.25
SH00742,E01,2025-05-14,07:45,16:15,8.5
SH00743,E02,2025-05-14,09:45,18:15,8.5
SH00744,E03,2025-05-14,11:00,19:15,8.25
SH00745,E04,2025-05-14,15:00,19:15,4.25
SH00746,E01,2025-05-15,07:45,16:15,8.5
SH00747,E02,2025-05-15,09:45,18:15,8.5
SH00748,E03,2025-05-15,11:00,19:15,8.25
SH00749,E05,2025-05-15,15:00,19:15,4.25
SH00750,E01,2025-05-16,07:45,16:15,8.5
SH00751,E02,2025-05-16,09:45,18:15,8.5
SH00752,E03,2025-05-16,11:00,19:15,8.25
SH00753,E05,2025-05-16,15:00,19:15,4.25
SH00754,E03,2025-05-17,08:45,17:15,8.5
SH00755,E05,2025-05-17,08:45,17:15,8.5
SH00756,E01,2025-05-19,07:45,16:15,8.5
SH00757,E02,2025-05-19,09:45,18:15,8.5
SH00758,E04,2025-05-19,11:00,19:15,8.25
SH00759,E01,2025-05-20,07:45,16:15,8.5
SH00760,E02,2025-05-20,09:45,18:15,8.5
SH00761,E03,2025-05-20,11:00,19:15,8.25
SH00762,E01,2025-05-21,07:45,16:15,8.5
SH00763,E02,2025-05-21,09:45,18:15,8.5
SH00764,E03,2025-05-21,11:00,19:15,8.25
SH00765,E04,2025-05-21,15:00,19:15,4.25
SH00766,E01,2025-05-22,07:45,16:15,8.5
SH00767,E02,2025-05-22,09:45,18:15,8.5
SH00768,E03,2025-05-22,11:00,19:15,8.25
SH00769,E05,2025-05-22,15:00,19:15,4.25
SH00770,E01,2025-05-23,07:45,16:15,8.5
SH00771,E02,2025-05-23,09:45,18:15,8.5
SH00772,E03,2025-05-23,11:00,19:15,8.25
SH00773,E05,2025-05-23,15:00,19:15,4.25
SH00774,E03,2025-05-24,08:45,17:15,8.5
SH00775,E05,2025-05-24,08:45,17:15,8.5
SH00776,E01,2025-05-27,07:45,16:15,8.5
SH00777,E02,2025-05-27,09:45,18:15,8.5
SH00778,E03,2025-05-27,11:00,19:15,8.25
SH00779,E01,2025-05-28,07:45,16:15,8.5
SH00780,E02,2025-05-28,09:45,18:15,8.5
SH00781,E03,2025-05-28,11:00,19:15,8.25
SH00782,E04,2025-05-28,15:00,19:15,4.25
SH00783,E01,2025-05-29,07:45,16:15,8.5
SH00784,E02,2025-05-29,09:45,18:15,8.5
SH00785,E03,2025-05-29,11:00,19:15,8.25
SH00786,E05,2025-05-29,15:00,19:15,4.25
SH00787,E01,2025-05-30,07:45,16:15,8.5
SH00788,E02,2025-05-30,09:45,18:15,8.5
SH00789,E03,2025-05-30,11:00,19:15,8.25
SH00790,E05,2025-05-30,15:00,19:15,4.25
SH00791,E03,2025-05-31,08:45,17:15,8.5
SH00792,E05,2025-05-31,08:45,17:15,8.5
SH00793,E01,2025-06-02,07:45,16:15,8.5
SH00794,E02,2025-06-02,09:45,18:15,8.5
SH00795,E04,2025-06-02,11:00,19:15,8.25
SH00796,E01,2025-06-03,07:45,16:15,8.5
SH00797,E02,2025-06-03,09:45,18:15,8.5
SH00798,E03,2025-06-03,11:00,19:15,8.25
SH00799,E01,2025-06-04,07:45,16:15,8.5
SH00800,E02,2025-06-04,09:45,18:15,8.5
SH00801,E03,2025-06-04,11:00,19:15,8.25
SH00802,E04,2025-06-04,15:00,19:15,4.25
SH00803,E01,2025-06-05,07:45,16:15,8.5
SH00804,E02,2025-06-05,09:45,18:15,8.5
SH00805,E03,2025-06-05,11:00,19:15,8.25
SH00806,E05,2025-06-05,15:00,19:15,4.25
SH00807,E01,2025-06-06,07:45,16:15,8.5
SH00808,E02,2025-06-06,09:45,18:15,8.5
SH00809,E03,2025-06-06,11:00,19:15,8.25
SH00810,E05,2025-06-06,15:00,19:15,4.25
SH00811,E03,2025-06-07,08:45,17:15,8.5
SH00812,E05,2025-06-07,08:45,17:15,8.5
SH00813,E01,2025-06-09,07:45,16:15,8.5
SH00814,E02,2025-06-09,09:45,18:15,8.5
SH00815,E04,2025-06-09,11:00,19:15,8.25
SH00816,E01,2025-06-10,07:45,16:15,8.5
SH00817,E02,2025-06-10,09:45,18:15,8.5
SH00818,E03,2025-06-10,11:00,19:15,8.25
SH00819,E01,2025-06-11,07:45,16:15,8.5
SH00820,E02,2025-06-11,09:45,18:15,8.5
SH00821,E03,2025-06-11,11:00,19:15,8.25
SH00822,E04,2025-06-11,15:00,19:15,4.25
SH00823,E01,2025-06-12,07:45,16:15,8.5
SH00824,E02,2025-06-12,09:45,18:15,8.5
SH00825,E03,2025-06-12,11:00,19:15,8.25
SH00826,E05,2025-06-12,15:00,19:15,4.25
SH00827,E01,2025-06-13,07:45,16:15,8.5
SH00828,E02,2025-06-13,09:45,18:15,8.5
SH00829,E03,2025-06-13,11:00,19:15,8.25
SH00830,E05,2025-06-13,15:00,19:15,4.25
SH00831,E03,2025-06-14,08:45,17:15,8.5
SH00832,E05,2025-06-14,08:45,17:15,8.5
SH00833,E01,2025-06-16,07:45,16:15,8.5
SH00834,E02,2025-06-16,09:45,18:15,8.5
SH00835,E04,2025-06-16,11:00,19:15,8.25
SH00836,E01,2025-06-17,07:45,16:15,8.5
SH00837,E02,2025-06-17,09:45,18:15,8.5
SH00838,E03,2025-06-17,11:00,19:15,8.25
SH00839,E01,2025-06-18,07:45,16:15,8.5
SH00840,E02,2025-06-18,09:45,18:15,8.5
SH00841,E03,2025-06-18,11:00,19:15,8.25
SH00842,E04,2025-06-18,15:00,19:15,4.25
SH00843,E01,2025-06-19,07:45,16:15,8.5
SH00844,E02,2025-06-19,09:45,18:15,8.5
SH00845,E03,2025-06-19,11:00,19:15,8.25
SH00846,E05,2025-06-19,15:00,19:15,4.25
SH00847,E01,2025-06-20,07:45,16:15,8.5
SH00848,E02,2025-06-20,09:45,18:15,8.5
SH00849,E03,2025-06-20,11:00,19:15,8.25
SH00850,E05,2025-06-20,15:00,19:15,4.25
SH00851,E03,2025-06-21,08:45,17:15,8.5
SH00852,E05,2025-06-21,08:45,17:15,8.5
SH00853,E01,2025-06-23,07:45,16:15,8.5
SH00854,E02,2025-06-23,09:45,18:15,8.5
SH00855,E04,2025-06-23,11:00,19:15,8.25
SH00856,E01,2025-06-24,07:45,16:15,8.5
SH00857,E02,2025-06-24,09:45,18:15,8.5
SH00858,E03,2025-06-24,11:00,19:15,8.25
SH00859,E01,2025-06-25,07:45,16:15,8.5
SH00860,E02,2025-06-25,09:45,18:15,8.5
SH00861,E03,2025-06-25,11:00,19:15,8.25
SH00862,E04,2025-06-25,15:00,19:15,4.25
SH00863,E01,2025-06-26,07:45,16:15,8.5
SH00864,E02,2025-06-26,09:45,18:15,8.5
SH00865,E03,2025-06-26,11:00,19:15,8.25
SH00866,E05,2025-06-26,15:00,19:15,4.25
SH00867,E01,2025-06-27,07:45,16:15,8.5
SH00868,E02,2025-06-27,09:45,18:15,8.5
SH00869,E03,2025-06-27,11:00,19:15,8.25
SH00870,E05,2025-06-27,15:00,19:15,4.25
SH00871,E03,2025-06-28,08:45,17:15,8.5
SH00872,E05,2025-06-28,08:45,17:15,8.5
SH00873,E01,2025-06-30,07:45,16:15,8.5
SH00874,E02,2025-06-30,09:45,18:15,8.5
SH00875,E04,2025-06-30,11:00,19:15,8.25
SH00876,E01,2025-07-01,07:45,16:15,8.5
SH00877,E02,2025-07-01,09:45,18:15,8.5
SH00878,E03,2025-07-01,11:00,19:15,8.25
SH00879,E01,2025-07-02,07:45,16:15,8.5
SH00880,E02,2025-07-02,09:45,18:15,8.5
SH00881,E03,2025-07-02,11:00,19:15,8.25
SH00882,E04,2025-07-02,15:00,19:15,4.25
SH00883,E01,2025-07-03,07:45,16:15,8.5
SH00884,E02,2025-07-03,09:45,18:15,8.5
SH00885,E03,2025-07-03,11:00,19:15,8.25
SH00886,E05,2025-07-03,15:00,19:15,4.25
SH00887,E03,2025-07-05,08:45,17:15,8.5
SH00888,E05,2025-07-05,08:45,17:15,8.5
SH00889,E01,2025-07-07,07:45,16:15,8.5
SH00890,E02,2025-07-07,09:45,18:15,8.5
SH00891,E04,2025-07-07,11:00,19:15,8.25
SH00892,E01,2025-07-08,07:45,16:15,8.5
SH00893,E02,2025-07-08,09:45,18:15,8.5
SH00894,E03,2025-07-08,11:00,19:15,8.25
SH00895,E01,2025-07-09,07:45,16:15,8.5
SH00896,E02,2025-07-09,09:45,18:15,8.5
SH00897,E03,2025-07-09,11:00,19:15,8.25
SH00898,E04,2025-07-09,15:00,19:15,4.25
SH00899,E01,2025-07-10,07:45,16:15,8.5
SH00900,E02,2025-07-10,09:45,18:15,8.5
SH00901,E03,2025-07-10,11:00,19:15,8.25
SH00902,E05,2025-07-10,15:00,19:15,4.25
SH00903,E01,2025-07-11,07:45,16:15,8.5
SH00904,E02,2025-07-11,09:45,18:15,8.5
SH00905,E03,2025-07-11,11:00,19:15,8.25
SH00906,E05,2025-07-11,15:00,19:15,4.25
SH00907,E03,2025-07-12,08:45,17:15,8.5
SH00908,E05,2025-07-12,08:45,17:15,8.5
SH00909,E05,2025-07-14,07:45,16:15,8.5
SH00910,E02,2025-07-14,09:45,18:15,8.5
SH00911,E04,2025-07-14,11:00,19:15,8.25
SH00912,E04,2025-07-15,07:45,16:15,8.5
SH00913,E02,2025-07-15,09:45,18:15,8.5
SH00914,E03,2025-07-15,11:00,19:15,8.25
SH00915,E05,2025-07-16,07:45,16:15,8.5
SH00916,E02,2025-07-16,09:45,18:15,8.5
SH00917,E03,2025-07-16,11:00,19:15,8.25
SH00918,E04,2025-07-16,15:00,19:15,4.25
SH00919,E04,2025-07-17,07:45,16:15,8.5
SH00920,E02,2025-07-17,09:45,18:15,8.5
SH00921,E03,2025-07-17,11:00,19:15,8.25
SH00922,E05,2025-07-17,15:00,19:15,4.25
SH00923,E04,2025-07-18,07:45,16:15,8.5
SH00924,E02,2025-07-18,09:45,18:15,8.5
SH00925,E03,2025-07-18,11:00,19:15,8.25
SH00926,E05,2025-07-18,15:00,19:15,4.25
SH00927,E03,2025-07-19,08:45,17:15,8.5
SH00928,E05,2025-07-19,08:45,17:15,8.5
SH00929,E05,2025-07-21,07:45,16:15,8.5
SH00930,E02,2025-07-21,09:45,18:15,8.5
SH00931,E04,2025-07-21,11:00,19:15,8.25
SH00932,E04,2025-07-22,07:45,16:15,8.5
SH00933,E02,2025-07-22,09:45,18:15,8.5
SH00934,E03,2025-07-22,11:00,19:15,8.25
SH00935,E05,2025-07-23,07:45,16:15,8.5
SH00936,E02,2025-07-23,09:45,18:15,8.5
SH00937,E03,2025-07-23,11:00,19:15,8.25
SH00938,E04,2025-07-23,15:00,19:15,4.25
SH00939,E04,2025-07-24,07:45,16:15,8.5
SH00940,E02,2025-07-24,09:45,18:15,8.5
SH00941,E03,2025-07-24,11:00,19:15,8.25
SH00942,E05,2025-07-24,15:00,19:15,4.25
SH00943,E04,2025-07-25,07:45,16:15,8.5
SH00944,E02,2025-07-25,09:45,18:15,8.5
SH00945,E03,2025-07-25,11:00,19:15,8.25
SH00946,E05,2025-07-25,15:00,19:15,4.25
SH00947,E03,2025-07-26,08:45,17:15,8.5
SH00948,E05,2025-07-26,08:45,17:15,8.5
SH00949,E01,2025-07-28,07:45,16:15,8.5
SH00950,E02,2025-07-28,09:45,18:15,8.5
SH00951,E04,2025-07-28,11:00,19:15,8.25
SH00952,E01,2025-07-29,07:45,16:15,8.5
SH00953,E02,2025-07-29,09:45,18:15,8.5
SH00954,E03,2025-07-29,11:00,19:15,8.25
SH00955,E01,2025-07-30,07:45,16:15,8.5
SH00956,E02,2025-07-30,09:45,18:15,8.5
SH00957,E03,2025-07-30,11:00,19:15,8.25
SH00958,E04,2025-07-30,15:00,19:15,4.25
SH00959,E01,2025-07-31,07:45,16:15,8.5
SH00960,E02,2025-07-31,09:45,18:15,8.5
SH00961,E03,2025-07-31,11:00,19:15,8.25
SH00962,E05,2025-07-31,15:00,19:15,4.25
SH00963,E01,2025-08-01,07:45,16:15,8.5
SH00964,E02,2025-08-01,09:45,18:15,8.5
SH00965,E03,2025-08-01,11:00,19:15,8.25
SH00966,E05,2025-08-01,15:00,19:15,4.25
SH00967,E03,2025-08-02,08:45,17:15,8.5
SH00968,E05,2025-08-02,08:45,17:15,8.5
SH00969,E01,2025-08-04,07:45,16:15,8.5
SH00970,E02,2025-08-04,09:45,18:15,8.5
SH00971,E04,2025-08-04,11:00,19:15,8.25
SH00972,E01,2025-08-05,07:45,16:15,8.5
SH00973,E02,2025-08-05,09:45,18:15,8.5
SH00974,E03,2025-08-05,11:00,19:15,8.25
SH00975,E01,2025-08-06,07:45,16:15,8.5
SH00976,E02,2025-08-06,09:45,18:15,8.5
SH00977,E03,2025-08-06,11:00,19:15,8.25
SH00978,E04,2025-08-06,15:00,19:15,4.25
SH00979,E01,2025-08-07,07:45,16:15,8.5
SH00980,E02,2025-08-07,09:45,18:15,8.5
SH00981,E03,2025-08-07,11:00,19:15,8.25
SH00982,E05,2025-08-07,15:00,19:15,4.25
SH00983,E01,2025-08-08,07:45,16:15,8.5
SH00984,E02,2025-08-08,09:45,18:15,8.5
SH00985,E03,2025-08-08,11:00,19:15,8.25
SH00986,E05,2025-08-08,15:00,19:15,4.25
SH00987,E03,2025-08-09,08:45,17:15,8.5
SH00988,E05,2025-08-09,08:45,17:15,8.5
SH00989,E01,2025-08-11,07:45,16:15,8.5
SH00990,E02,2025-08-11,09:45,18:15,8.5
SH00991,E04,2025-08-11,11:00,19:15,8.25
SH00992,E01,2025-08-12,07:45,16:15,8.5
SH00993,E02,2025-08-12,09:45,18:15,8.5
SH00994,E03,2025-08-12,11:00,19:15,8.25
SH00995,E01,2025-08-13,07:45,16:15,8.5
SH00996,E02,2025-08-13,09:45,18:15,8.5
SH00997,E03,2025-08-13,11:00,19:15,8.25
SH00998,E04,2025-08-13,15:00,19:15,4.25
SH00999,E01,2025-08-14,07:45,16:15,8.5
SH01000,E02,2025-08-14,09:45,18:15,8.5
SH01001,E03,2025-08-14,11:00,19:15,8.25
SH01002,E05,2025-08-14,15:00,19:15,4.25
SH01003,E01,2025-08-15,07:45,16:15,8.5
SH01004,E02,2025-08-15,09:45,18:15,8.5
SH01005,E03,2025-08-15,11:00,19:15,8.25
SH01006,E05,2025-08-15,15:00,19:15,4.25
SH01007,E03,2025-08-16,08:45,17:15,8.5
SH01008,E05,2025-08-16,08:45,17:15,8.5
SH01009,E01,2025-08-18,07:45,16:15,8.5
SH01010,E02,2025-08-18,09:45,18:15,8.5
SH01011,E04,2025-08-18,11:00,19:15,8.25
SH01012,E01,2025-08-19,07:45,16:15,8.5
SH01013,E02,2025-08-19,09:45,18:15,8.5
SH01014,E03,2025-08-19,11:00,19:15,8.25
SH01015,E01,2025-08-20,07:45,16:15,8.5
SH01016,E02,2025-08-20,09:45,18:15,8.5
SH01017,E03,2025-08-20,11:00,19:15,8.25
SH01018,E04,2025-08-20,15:00,19:15,4.25
SH01019,E01,2025-08-21,07:45,16:15,8.5
SH01020,E02,2025-08-21,09:45,18:15,8.5
SH01021,E03,2025-08-21,11:00,19:15,8.25
SH01022,E05,2025-08-21,15:00,19:15,4.25
SH01023,E01,2025-08-22,07:45,16:15,8.5
SH01024,E02,2025-08-22,09:45,18:15,8.5
SH01025,E03,2025-08-22,11:00,19:15,8.25
SH01026,E05,2025-08-22,15:00,19:15,4.25
SH01027,E03,2025-08-23,08:45,17:15,8.5
SH01028,E05,2025-08-23,08:45,17:15,8.5
SH01029,E01,2025-08-25,07:45,16:15,8.5
SH01030,E02,2025-08-25,09:45,18:15,8.5
SH01031,E04,2025-08-25,11:00,19:15,8.25
SH01032,E01,2025-08-26,07:45,16:15,8.5
SH01033,E02,2025-08-26,09:45,18:15,8.5
SH01034,E03,2025-08-26,11:00,19:15,8.25
SH01035,E01,2025-08-27,07:45,16:15,8.5
SH01036,E02,2025-08-27,09:45,18:15,8.5
SH01037,E03,2025-08-27,11:00,19:15,8.25
SH01038,E04,2025-08-27,15:00,19:15,4.25
SH01039,E01,2025-08-28,07:45,16:15,8.5
SH01040,E02,2025-08-28,09:45,18:15,8.5
SH01041,E03,2025-08-28,11:00,19:15,8.25
SH01042,E05,2025-08-28,15:00,19:15,4.25
SH01043,E01,2025-08-29,07:45,16:15,8.5
SH01044,E02,2025-08-29,09:45,18:15,8.5
SH01045,E03,2025-08-29,11:00,19:15,8.25
SH01046,E05,2025-08-29,15:00,19:15,4.25
SH01047,E03,2025-08-30,08:45,17:15,8.5
SH01048,E05,2025-08-30,08:45,17:15,8.5
SH01049,E01,2025-09-02,07:45,16:15,8.5
SH01050,E02,2025-09-02,09:45,18:15,8.5
SH01051,E03,2025-09-02,11:00,19:15,8.25
SH01052,E01,2025-09-03,07:45,16:15,8.5
SH01053,E02,2025-09-03,09:45,18:15,8.5
SH01054,E03,2025-09-03,11:00,19:15,8.25
SH01055,E04,2025-09-03,15:00,19:15,4.25
SH01056,E01,2025-09-04,07:45,16:15,8.5
SH01057,E02,2025-09-04,09:45,18:15,8.5
SH01058,E03,2025-09-04,11:00,19:15,8.25
SH01059,E05,2025-09-04,15:00,19:15,4.25
SH01060,E01,2025-09-05,07:45,16:15,8.5
SH01061,E02,2025-09-05,09:45,18:15,8.5
SH01062,E03,2025-09-05,11:00,19:15,8.25
SH01063,E05,2025-09-05,15:00,19:15,4.25
SH01064,E03,2025-09-06,08:45,17:15,8.5
SH01065,E05,2025-09-06,08:45,17:15,8.5
SH01066,E01,2025-09-08,07:45,16:15,8.5
SH01067,E02,2025-09-08,09:45,18:15,8.5
SH01068,E04,2025-09-08,11:00,19:15,8.25
SH01069,E01,2025-09-09,07:45,16:15,8.5
SH01070,E02,2025-09-09,09:45,18:15,8.5
SH01071,E03,2025-09-09,11:00,19:15,8.25
SH01072,E01,2025-09-10,07:45,16:15,8.5
SH01073,E02,2025-09-10,09:45,18:15,8.5
SH01074,E03,2025-09-10,11:00,19:15,8.25
SH01075,E04,2025-09-10,15:00,19:15,4.25
SH01076,E01,2025-09-11,07:45,16:15,8.5
SH01077,E02,2025-09-11,09:45,18:15,8.5
SH01078,E03,2025-09-11,11:00,19:15,8.25
SH01079,E05,2025-09-11,15:00,19:15,4.25
SH01080,E01,2025-09-12,07:45,16:15,8.5
SH01081,E02,2025-09-12,09:45,18:15,8.5
SH01082,E03,2025-09-12,11:00,19:15,8.25
SH01083,E05,2025-09-12,15:00,19:15,4.25
SH01084,E03,2025-09-13,08:45,17:15,8.5
SH01085,E05,2025-09-13,08:45,17:15,8.5
SH01086,E01,2025-09-15,07:45,16:15,8.5
SH01087,E02,2025-09-15,09:45,18:15,8.5
SH01088,E04,2025-09-15,11:00,19:15,8.25
SH01089,E01,2025-09-16,07:45,16:15,8.5
SH01090,E02,2025-09-16,09:45,18:15,8.5
SH01091,E03,2025-09-16,11:00,19:15,8.25
SH01092,E01,2025-09-17,07:45,16:15,8.5
SH01093,E02,2025-09-17,09:45,18:15,8.5
SH01094,E03,2025-09-17,11:00,19:15,8.25
SH01095,E04,2025-09-17,15:00,19:15,4.25
SH01096,E01,2025-09-18,07:45,16:15,8.5
SH01097,E02,2025-09-18,09:45,18:15,8.5
SH01098,E03,2025-09-18,11:00,19:15,8.25
SH01099,E05,2025-09-18,15:00,19:15,4.25
SH01100,E01,2025-09-19,07:45,16:15,8.5
SH01101,E02,2025-09-19,09:45,18:15,8.5
SH01102,E03,2025-09-19,11:00,19:15,8.25
SH01103,E05,2025-09-19,15:00,19:15,4.25
SH01104,E03,2025-09-20,08:45,17:15,8.5
SH01105,E05,2025-09-20,08:45,17:15,8.5
SH01106,E01,2025-09-22,07:45,16:15,8.5
SH01107,E02,2025-09-22,09:45,18:15,8.5
SH01108,E04,2025-09-22,11:00,19:15,8.25
SH01109,E01,2025-09-23,07:45,16:15,8.5
SH01110,E02,2025-09-23,09:45,18:15,8.5
SH01111,E03,2025-09-23,11:00,19:15,8.25
SH01112,E01,2025-09-24,07:45,16:15,8.5
SH01113,E02,2025-09-24,09:45,18:15,8.5
SH01114,E03,2025-09-24,11:00,19:15,8.25
SH01115,E04,2025-09-24,15:00,19:15,4.25
SH01116,E01,2025-09-25,07:45,16:15,8.5
SH01117,E02,2025-09-25,09:45,18:15,8.5
SH01118,E03,2025-09-25,11:00,19:15,8.25
SH01119,E05,2025-09-25,15:00,19:15,4.25
SH01120,E01,2025-09-26,07:45,16:15,8.5
SH01121,E02,2025-09-26,09:45,18:15,8.5
SH01122,E03,2025-09-26,11:00,19:15,8.25
SH01123,E05,2025-09-26,15:00,19:15,4.25
SH01124,E03,2025-09-27,08:45,17:15,8.5
SH01125,E05,2025-09-27,08:45,17:15,8.5
SH01126,E01,2025-09-29,07:45,16:15,8.5
SH01127,E02,2025-09-29,09:45,18:15,8.5
SH01128,E04,2025-09-29,11:00,19:15,8.25
SH01129,E01,2025-09-30,07:45,16:15,8.5
SH01130,E02,2025-09-30,09:45,18:15,8.5
SH01131,E03,2025-09-30,11:00,19:15,8.25
SH01132,E01,2025-10-01,07:45,16:15,8.5
SH01133,E02,2025-10-01,09:45,18:15,8.5
SH01134,E03,2025-10-01,11:00,19:15,8.25
SH01135,E04,2025-10-01,15:00,19:15,4.25
SH01136,E01,2025-10-02,07:45,16:15,8.5
SH01137,E02,2025-10-02,09:45,18:15,8.5
SH01138,E03,2025-10-02,11:00,19:15,8.25
SH01139,E05,2025-10-02,15:00,19:15,4.25
SH01140,E01,2025-10-03,07:45,16:15,8.5
SH01141,E02,2025-10-03,09:45,18:15,8.5
SH01142,E03,2025-10-03,11:00,19:15,8.25
SH01143,E05,2025-10-03,15:00,19:15,4.25
SH01144,E03,2025-10-04,08:45,17:15,8.5
SH01145,E05,2025-10-04,08:45,17:15,8.5
SH01146,E01,2025-10-06,07:45,16:15,8.5
SH01147,E02,2025-10-06,09:45,18:15,8.5
SH01148,E04,2025-10-06,11:00,19:15,8.25
SH01149,E01,2025-10-07,07:45,16:15,8.5
SH01150,E02,2025-10-07,09:45,18:15,8.5
SH01151,E04,2025-10-07,11:00,19:15,8.25
SH01152,E01,2025-10-08,07:45,16:15,8.5
SH01153,E02,2025-10-08,09:45,18:15,8.5
SH01154,E05,2025-10-08,11:00,19:15,8.25
SH01155,E04,2025-10-08,15:00,19:15,4.25
SH01156,E01,2025-10-09,07:45,16:15,8.5
SH01157,E02,2025-10-09,09:45,18:15,8.5
SH01158,E04,2025-10-09,11:00,19:15,8.25
SH01159,E05,2025-10-09,15:00,19:15,4.25
SH01160,E01,2025-10-10,07:45,16:15,8.5
SH01161,E02,2025-10-10,09:45,18:15,8.5
SH01162,E04,2025-10-10,11:00,19:15,8.25
SH01163,E05,2025-10-10,15:00,19:15,4.25
SH01164,E03,2025-10-11,08:45,17:15,8.5
SH01165,E05,2025-10-11,08:45,17:15,8.5
SH01166,E01,2025-10-13,07:45,16:15,8.5
SH01167,E02,2025-10-13,09:45,18:15,8.5
SH01168,E04,2025-10-13,11:00,19:15,8.25
SH01169,E01,2025-10-14,07:45,16:15,8.5
SH01170,E02,2025-10-14,09:45,18:15,8.5
SH01171,E03,2025-10-14,11:00,19:15,8.25
SH01172,E01,2025-10-15,07:45,16:15,8.5
SH01173,E02,2025-10-15,09:45,18:15,8.5
SH01174,E03,2025-10-15,11:00,19:15,8.25
SH01175,E04,2025-10-15,15:00,19:15,4.25
SH01176,E01,2025-10-16,07:45,16:15,8.5
SH01177,E02,2025-10-16,09:45,18:15,8.5
SH01178,E03,2025-10-16,11:00,19:15,8.25
SH01179,E05,2025-10-16,15:00,19:15,4.25
SH01180,E01,2025-10-17,07:45,16:15,8.5
SH01181,E02,2025-10-17,09:45,18:15,8.5
SH01182,E03,2025-10-17,11:00,19:15,8.25
SH01183,E05,2025-10-17,15:00,19:15,4.25
SH01184,E03,2025-10-18,08:45,17:15,8.5
SH01185,E05,2025-10-18,08:45,17:15,8.5
SH01186,E01,2025-10-20,07:45,16:15,8.5
SH01187,E02,2025-10-20,09:45,18:15,8.5
SH01188,E04,2025-10-20,11:00,19:15,8.25
SH01189,E01,2025-10-21,07:45,16:15,8.5
SH01190,E02,2025-10-21,09:45,18:15,8.5
SH01191,E03,2025-10-21,11:00,19:15,8.25
SH01192,E01,2025-10-22,07:45,16:15,8.5
SH01193,E02,2025-10-22,09:45,18:15,8.5
SH01194,E03,2025-10-22,11:00,19:15,8.25
SH01195,E04,2025-10-22,15:00,19:15,4.25
SH01196,E01,2025-10-23,07:45,16:15,8.5
SH01197,E02,2025-10-23,09:45,18:15,8.5
SH01198,E03,2025-10-23,11:00,19:15,8.25
SH01199,E05,2025-10-23,15:00,19:15,4.25
SH01200,E01,2025-10-24,07:45,16:15,8.5
SH01201,E02,2025-10-24,09:45,18:15,8.5
SH01202,E03,2025-10-24,11:00,19:15,8.25
SH01203,E05,2025-10-24,15:00,19:15,4.25
SH01204,E03,2025-10-25,08:45,17:15,8.5
SH01205,E05,2025-10-25,08:45,17:15,8.5
SH01206,E01,2025-10-27,07:45,16:15,8.5
SH01207,E02,2025-10-27,09:45,18:15,8.5
SH01208,E04,2025-10-27,11:00,19:15,8.25
SH01209,E01,2025-10-28,07:45,16:15,8.5
SH01210,E02,2025-10-28,09:45,18:15,8.5
SH01211,E03,2025-10-28,11:00,19:15,8.25
SH01212,E01,2025-10-29,07:45,16:15,8.5
SH01213,E02,2025-10-29,09:45,18:15,8.5
SH01214,E03,2025-10-29,11:00,19:15,8.25
SH01215,E04,2025-10-29,15:00,19:15,4.25
SH01216,E01,2025-10-30,07:45,16:15,8.5
SH01217,E02,2025-10-30,09:45,18:15,8.5
SH01218,E03,2025-10-30,11:00,19:15,8.25
SH01219,E05,2025-10-30,15:00,19:15,4.25
SH01220,E01,2025-10-31,07:45,16:15,8.5
SH01221,E02,2025-10-31,09:45,18:15,8.5
SH01222,E03,2025-10-31,11:00,19:15,8.25
SH01223,E05,2025-10-31,15:00,19:15,4.25
SH01224,E03,2025-11-01,08:45,17:15,8.5
SH01225,E05,2025-11-01,08:45,17:15,8.5
SH01226,E01,2025-11-03,07:45,16:15,8.5
SH01227,E02,2025-11-03,09:45,18:15,8.5
SH01228,E04,2025-11-03,11:00,19:15,8.25
SH01229,E01,2025-11-04,07:45,16:15,8.5
SH01230,E02,2025-11-04,09:45,18:15,8.5
SH01231,E03,2025-11-04,11:00,19:15,8.25
SH01232,E01,2025-11-05,07:45,16:15,8.5
SH01233,E02,2025-11-05,09:45,18:15,8.5
SH01234,E03,2025-11-05,11:00,19:15,8.25
SH01235,E04,2025-11-05,15:00,19:15,4.25
SH01236,E01,2025-11-06,07:45,16:15,8.5
SH01237,E02,2025-11-06,09:45,18:15,8.5
SH01238,E03,2025-11-06,11:00,19:15,8.25
SH01239,E05,2025-11-06,15:00,19:15,4.25
SH01240,E01,2025-11-07,07:45,16:15,8.5
SH01241,E02,2025-11-07,09:45,18:15,8.5
SH01242,E03,2025-11-07,11:00,19:15,8.25
SH01243,E05,2025-11-07,15:00,19:15,4.25
SH01244,E03,2025-11-08,08:45,17:15,8.5
SH01245,E05,2025-11-08,08:45,17:15,8.5
SH01246,E01,2025-11-10,07:45,16:15,8.5
SH01247,E02,2025-11-10,09:45,18:15,8.5
SH01248,E04,2025-11-10,11:00,19:15,8.25
SH01249,E01,2025-11-11,07:45,16:15,8.5
SH01250,E02,2025-11-11,09:45,18:15,8.5
SH01251,E03,2025-11-11,11:00,19:15,8.25
SH01252,E01,2025-11-12,07:45,16:15,8.5
SH01253,E02,2025-11-12,09:45,18:15,8.5
SH01254,E03,2025-11-12,11:00,19:15,8.25
SH01255,E04,2025-11-12,15:00,19:15,4.25
SH01256,E01,2025-11-13,07:45,16:15,8.5
SH01257,E02,2025-11-13,09:45,18:15,8.5
SH01258,E03,2025-11-13,11:00,19:15,8.25
SH01259,E05,2025-11-13,15:00,19:15,4.25
SH01260,E01,2025-11-14,07:45,16:15,8.5
SH01261,E02,2025-11-14,09:45,18:15,8.5
SH01262,E03,2025-11-14,11:00,19:15,8.25
SH01263,E05,2025-11-14,15:00,19:15,4.25
SH01264,E03,2025-11-15,08:45,17:15,8.5
SH01265,E05,2025-11-15,08:45,17:15,8.5
SH01266,E01,2025-11-17,07:45,16:15,8.5
SH01267,E02,2025-11-17,09:45,18:15,8.5
SH01268,E04,2025-11-17,11:00,19:15,8.25
SH01269,E07,2025-11-17,10:00,18:30,8.5
SH01270,E01,2025-11-18,07:45,16:15,8.5
SH01271,E02,2025-11-18,09:45,18:15,8.5
SH01272,E03,2025-11-18,11:00,19:15,8.25
SH01273,E07,2025-11-18,10:00,18:30,8.5
SH01274,E01,2025-11-19,07:45,16:15,8.5
SH01275,E02,2025-11-19,09:45,18:15,8.5
SH01276,E03,2025-11-19,11:00,19:15,8.25
SH01277,E04,2025-11-19,15:00,19:15,4.25
SH01278,E07,2025-11-19,10:00,18:30,8.5
SH01279,E01,2025-11-20,07:45,16:15,8.5
SH01280,E02,2025-11-20,09:45,18:15,8.5
SH01281,E03,2025-11-20,11:00,19:15,8.25
SH01282,E05,2025-11-20,15:00,19:15,4.25
SH01283,E07,2025-11-20,10:00,18:30,8.5
SH01284,E01,2025-11-21,07:45,16:15,8.5
SH01285,E02,2025-11-21,09:45,18:15,8.5
SH01286,E03,2025-11-21,11:00,19:15,8.25
SH01287,E05,2025-11-21,15:00,19:15,4.25
SH01288,E07,2025-11-21,10:00,18:30,8.5
SH01289,E03,2025-11-22,08:45,17:15,8.5
SH01290,E05,2025-11-22,08:45,17:15,8.5
SH01291,E07,2025-11-22,10:00,17:15,7.25
SH01292,E01,2025-11-24,07:45,16:15,8.5
SH01293,E02,2025-11-24,09:45,18:15,8.5
SH01294,E04,2025-11-24,11:00,19:15,8.25
SH01295,E07,2025-11-24,10:00,18:30,8.5
SH01296,E01,2025-11-25,07:45,16:15,8.5
SH01297,E02,2025-11-25,09:45,18:15,8.5
SH01298,E03,2025-11-25,11:00,19:15,8.25
SH01299,E07,2025-11-25,10:00,18:30,8.5
SH01300,E01,2025-11-26,07:45,16:15,8.5
SH01301,E02,2025-11-26,09:45,18:15,8.5
SH01302,E03,2025-11-26,11:00,19:15,8.25
SH01303,E04,2025-11-26,15:00,19:15,4.25
SH01304,E07,2025-11-26,10:00,18:30,8.5
SH01305,E01,2025-11-28,07:45,16:15,8.5
SH01306,E02,2025-11-28,09:45,18:15,8.5
SH01307,E03,2025-11-28,11:00,19:15,8.25
SH01308,E05,2025-11-28,15:00,19:15,4.25
SH01309,E07,2025-11-28,10:00,18:30,8.5
SH01310,E03,2025-11-29,08:45,17:15,8.5
SH01311,E05,2025-11-29,08:45,17:15,8.5
SH01312,E07,2025-11-29,10:00,17:15,7.25
SH01313,E01,2025-12-01,07:45,16:15,8.5
SH01314,E02,2025-12-01,09:45,18:15,8.5
SH01315,E04,2025-12-01,11:00,19:15,8.25
SH01316,E07,2025-12-01,10:00,18:30,8.5
SH01317,E01,2025-12-02,07:45,16:15,8.5
SH01318,E02,2025-12-02,09:45,18:15,8.5
SH01319,E03,2025-12-02,11:00,19:15,8.25
SH01320,E07,2025-12-02,10:00,18:30,8.5
SH01321,E01,2025-12-03,07:45,16:15,8.5
SH01322,E02,2025-12-03,09:45,18:15,8.5
SH01323,E03,2025-12-03,11:00,19:15,8.25
SH01324,E04,2025-12-03,15:00,19:15,4.25
SH01325,E07,2025-12-03,10:00,18:30,8.5
SH01326,E01,2025-12-04,07:45,16:15,8.5
SH01327,E02,2025-12-04,09:45,18:15,8.5
SH01328,E03,2025-12-04,11:00,19:15,8.25
SH01329,E05,2025-12-04,15:00,19:15,4.25
SH01330,E07,2025-12-04,10:00,18:30,8.5
SH01331,E01,2025-12-05,07:45,16:15,8.5
SH01332,E02,2025-12-05,09:45,18:15,8.5
SH01333,E03,2025-12-05,11:00,19:15,8.25
SH01334,E05,2025-12-05,15:00,19:15,4.25
SH01335,E07,2025-12-05,10:00,18:30,8.5
SH01336,E03,2025-12-06,08:45,17:15,8.5
SH01337,E05,2025-12-06,08:45,17:15,8.5
SH01338,E07,2025-12-06,10:00,17:15,7.25
SH01339,E01,2025-12-08,07:45,16:15,8.5
SH01340,E02,2025-12-08,09:45,18:15,8.5
SH01341,E04,2025-12-08,11:00,19:15,8.25
SH01342,E07,2025-12-08,10:00,18:30,8.5
SH01343,E01,2025-12-09,07:45,16:15,8.5
SH01344,E02,2025-12-09,09:45,18:15,8.5
SH01345,E03,2025-12-09,11:00,19:15,8.25
SH01346,E07,2025-12-09,10:00,18:30,8.5
SH01347,E01,2025-12-10,07:45,16:15,8.5
SH01348,E02,2025-12-10,09:45,18:15,8.5
SH01349,E03,2025-12-10,11:00,19:15,8.25
SH01350,E04,2025-12-10,15:00,19:15,4.25
SH01351,E07,2025-12-10,10:00,18:30,8.5
SH01352,E01,2025-12-11,07:45,16:15,8.5
SH01353,E02,2025-12-11,09:45,18:15,8.5
SH01354,E03,2025-12-11,11:00,19:15,8.25
SH01355,E05,2025-12-11,15:00,19:15,4.25
SH01356,E07,2025-12-11,10:00,18:30,8.5
SH01357,E01,2025-12-12,07:45,16:15,8.5
SH01358,E02,2025-12-12,09:45,18:15,8.5
SH01359,E03,2025-12-12,11:00,19:15,8.25
SH01360,E05,2025-12-12,15:00,19:15,4.25
SH01361,E07,2025-12-12,10:00,18:30,8.5
SH01362,E03,2025-12-13,08:45,17:15,8.5
SH01363,E05,2025-12-13,08:45,17:15,8.5
SH01364,E07,2025-12-13,10:00,17:15,7.25
SH01365,E01,2025-12-15,07:45,16:15,8.5
SH01366,E02,2025-12-15,09:45,18:15,8.5
SH01367,E04,2025-12-15,11:00,19:15,8.25
SH01368,E07,2025-12-15,10:00,18:30,8.5
SH01369,E01,2025-12-16,07:45,16:15,8.5
SH01370,E02,2025-12-16,09:45,18:15,8.5
SH01371,E03,2025-12-16,11:00,19:15,8.25
SH01372,E07,2025-12-16,10:00,18:30,8.5
SH01373,E01,2025-12-17,07:45,16:15,8.5
SH01374,E02,2025-12-17,09:45,18:15,8.5
SH01375,E03,2025-12-17,11:00,19:15,8.25
SH01376,E04,2025-12-17,15:00,19:15,4.25
SH01377,E07,2025-12-17,10:00,18:30,8.5
SH01378,E01,2025-12-18,07:45,16:15,8.5
SH01379,E02,2025-12-18,09:45,18:15,8.5
SH01380,E03,2025-12-18,11:00,19:15,8.25
SH01381,E05,2025-12-18,15:00,19:15,4.25
SH01382,E07,2025-12-18,10:00,18:30,8.5
SH01383,E01,2025-12-19,07:45,16:15,8.5
SH01384,E02,2025-12-19,09:45,18:15,8.5
SH01385,E03,2025-12-19,11:00,19:15,8.25
SH01386,E05,2025-12-19,15:00,19:15,4.25
SH01387,E07,2025-12-19,10:00,18:30,8.5
SH01388,E03,2025-12-20,08:45,17:15,8.5
SH01389,E05,2025-12-20,08:45,17:15,8.5
SH01390,E07,2025-12-20,10:00,17:15,7.25
SH01391,E01,2025-12-22,07:45,16:15,8.5
SH01392,E02,2025-12-22,09:45,18:15,8.5
SH01393,E04,2025-12-22,11:00,19:15,8.25
SH01394,E07,2025-12-22,10:00,18:30,8.5
SH01395,E01,2025-12-23,07:45,16:15,8.5
SH01396,E02,2025-12-23,09:45,18:15,8.5
SH01397,E03,2025-12-23,11:00,19:15,8.25
SH01398,E07,2025-12-23,10:00,18:30,8.5
SH01399,E01,2025-12-24,07:45,14:15,6.5
SH01400,E02,2025-12-24,09:45,14:15,4.5
SH01401,E03,2025-12-24,11:00,14:15,3.25
SH01402,E01,2025-12-26,07:45,16:15,8.5
SH01403,E02,2025-12-26,09:45,18:15,8.5
SH01404,E03,2025-12-26,11:00,19:15,8.25
SH01405,E05,2025-12-26,15:00,19:15,4.25
SH01406,E03,2025-12-27,08:45,17:15,8.5
SH01407,E05,2025-12-27,08:45,17:15,8.5
SH01408,E01,2025-12-29,07:45,16:15,8.5
SH01409,E02,2025-12-29,09:45,18:15,8.5
SH01410,E04,2025-12-29,11:00,19:15,8.25
SH01411,E01,2025-12-30,07:45,16:15,8.5
SH01412,E02,2025-12-30,09:45,18:15,8.5
SH01413,E03,2025-12-30,11:00,19:15,8.25
SH01414,E01,2025-12-31,07:45,16:15,8.5
SH01415,E02,2025-12-31,09:45,16:15,6.5
SH01416,E03,2025-12-31,11:00,16:15,5.25
SH01417,E04,2025-12-31,15:00,16:15,1.25
SH01418,E01,2026-01-02,07:45,16:15,8.5
SH01419,E02,2026-01-02,09:45,18:15,8.5
SH01420,E03,2026-01-02,11:00,19:15,8.25
SH01421,E05,2026-01-02,15:00,19:15,4.25
SH01422,E03,2026-01-03,08:45,17:15,8.5
SH01423,E05,2026-01-03,08:45,17:15,8.5
SH01424,E01,2026-01-05,07:45,16:15,8.5
SH01425,E02,2026-01-05,09:45,18:15,8.5
SH01426,E04,2026-01-05,11:00,19:15,8.25
SH01427,E01,2026-01-06,07:45,16:15,8.5
SH01428,E02,2026-01-06,09:45,18:15,8.5
SH01429,E03,2026-01-06,11:00,19:15,8.25
SH01430,E01,2026-01-07,07:45,16:15,8.5
SH01431,E02,2026-01-07,09:45,18:15,8.5
SH01432,E03,2026-01-07,11:00,19:15,8.25
SH01433,E04,2026-01-07,15:00,19:15,4.25
SH01434,E01,2026-01-08,07:45,16:15,8.5
SH01435,E02,2026-01-08,09:45,18:15,8.5
SH01436,E03,2026-01-08,11:00,19:15,8.25
SH01437,E05,2026-01-08,15:00,19:15,4.25
SH01438,E01,2026-01-09,07:45,16:15,8.5
SH01439,E02,2026-01-09,09:45,18:15,8.5
SH01440,E03,2026-01-09,11:00,19:15,8.25
SH01441,E05,2026-01-09,15:00,19:15,4.25
SH01442,E03,2026-01-10,08:45,17:15,8.5
SH01443,E05,2026-01-10,08:45,17:15,8.5
SH01444,E01,2026-01-12,07:45,16:15,8.5
SH01445,E02,2026-01-12,09:45,18:15,8.5
SH01446,E04,2026-01-12,11:00,19:15,8.25
SH01447,E01,2026-01-13,07:45,16:15,8.5
SH01448,E02,2026-01-13,09:45,18:15,8.5
SH01449,E03,2026-01-13,11:00,19:15,8.25
SH01450,E01,2026-01-14,07:45,16:15,8.5
SH01451,E02,2026-01-14,09:45,18:15,8.5
SH01452,E03,2026-01-14,11:00,19:15,8.25
SH01453,E04,2026-01-14,15:00,19:15,4.25
SH01454,E01,2026-01-15,07:45,16:15,8.5
SH01455,E02,2026-01-15,09:45,18:15,8.5
SH01456,E03,2026-01-15,11:00,19:15,8.25
SH01457,E05,2026-01-15,15:00,19:15,4.25
SH01458,E01,2026-01-16,07:45,16:15,8.5
SH01459,E02,2026-01-16,09:45,18:15,8.5
SH01460,E03,2026-01-16,11:00,19:15,8.25
SH01461,E05,2026-01-16,15:00,19:15,4.25
SH01462,E03,2026-01-17,08:45,17:15,8.5
SH01463,E05,2026-01-17,08:45,17:15,8.5
SH01464,E01,2026-01-19,07:45,16:15,8.5
SH01465,E02,2026-01-19,09:45,18:15,8.5
SH01466,E04,2026-01-19,11:00,19:15,8.25
SH01467,E01,2026-01-20,07:45,16:15,8.5
SH01468,E02,2026-01-20,09:45,18:15,8.5
SH01469,E03,2026-01-20,11:00,19:15,8.25
SH01470,E01,2026-01-21,07:45,16:15,8.5
SH01471,E02,2026-01-21,09:45,18:15,8.5
SH01472,E03,2026-01-21,11:00,19:15,8.25
SH01473,E04,2026-01-21,15:00,19:15,4.25
SH01474,E01,2026-01-22,07:45,16:15,8.5
SH01475,E02,2026-01-22,09:45,18:15,8.5
SH01476,E03,2026-01-22,11:00,19:15,8.25
SH01477,E05,2026-01-22,15:00,19:15,4.25
SH01478,E01,2026-01-23,07:45,16:15,8.5
SH01479,E02,2026-01-23,09:45,18:15,8.5
SH01480,E03,2026-01-23,11:00,19:15,8.25
SH01481,E05,2026-01-23,15:00,19:15,4.25
SH01482,E03,2026-01-24,08:45,17:15,8.5
SH01483,E05,2026-01-24,08:45,17:15,8.5
SH01484,E01,2026-01-26,07:45,16:15,8.5
SH01485,E02,2026-01-26,09:45,18:15,8.5
SH01486,E04,2026-01-26,11:00,19:15,8.25
SH01487,E01,2026-01-27,07:45,16:15,8.5
SH01488,E02,2026-01-27,09:45,18:15,8.5
SH01489,E03,2026-01-27,11:00,19:15,8.25
SH01490,E01,2026-01-28,07:45,16:15,8.5
SH01491,E02,2026-01-28,09:45,18:15,8.5
SH01492,E03,2026-01-28,11:00,19:15,8.25
SH01493,E04,2026-01-28,15:00,19:15,4.25
SH01494,E01,2026-01-29,07:45,16:15,8.5
SH01495,E02,2026-01-29,09:45,18:15,8.5
SH01496,E03,2026-01-29,11:00,19:15,8.25
SH01497,E05,2026-01-29,15:00,19:15,4.25
SH01498,E01,2026-01-30,07:45,16:15,8.5
SH01499,E02,2026-01-30,09:45,18:15,8.5
SH01500,E03,2026-01-30,11:00,19:15,8.25
SH01501,E05,2026-01-30,15:00,19:15,4.25
SH01502,E03,2026-01-31,08:45,17:15,8.5
SH01503,E05,2026-01-31,08:45,17:15,8.5
SH01504,E01,2026-02-02,07:45,16:15,8.5
SH01505,E02,2026-02-02,09:45,18:15,8.5
SH01506,E04,2026-02-02,11:00,19:15,8.25
SH01507,E01,2026-02-03,07:45,16:15,8.5
SH01508,E02,2026-02-03,09:45,18:15,8.5
SH01509,E03,2026-02-03,11:00,19:15,8.25
SH01510,E01,2026-02-04,07:45,16:15,8.5
SH01511,E02,2026-02-04,09:45,18:15,8.5
SH01512,E03,2026-02-04,11:00,19:15,8.25
SH01513,E04,2026-02-04,15:00,19:15,4.25
SH01514,E01,2026-02-05,07:45,16:15,8.5
SH01515,E02,2026-02-05,09:45,18:15,8.5
SH01516,E03,2026-02-05,11:00,19:15,8.25
SH01517,E05,2026-02-05,15:00,19:15,4.25
SH01518,E01,2026-02-06,07:45,16:15,8.5
SH01519,E02,2026-02-06,09:45,18:15,8.5
SH01520,E03,2026-02-06,11:00,19:15,8.25
SH01521,E05,2026-02-06,15:00,19:15,4.25
SH01522,E03,2026-02-07,08:45,17:15,8.5
SH01523,E05,2026-02-07,08:45,17:15,8.5
SH01524,E01,2026-02-09,07:45,16:15,8.5
SH01525,E02,2026-02-09,09:45,18:15,8.5
SH01526,E04,2026-02-09,11:00,19:15,8.25
SH01527,E01,2026-02-10,07:45,16:15,8.5
SH01528,E02,2026-02-10,09:45,18:15,8.5
SH01529,E03,2026-02-10,11:00,19:15,8.25
SH01530,E01,2026-02-11,07:45,16:15,8.5
SH01531,E02,2026-02-11,09:45,18:15,8.5
SH01532,E03,2026-02-11,11:00,19:15,8.25
SH01533,E04,2026-02-11,15:00,19:15,4.25
SH01534,E01,2026-02-12,07:45,16:15,8.5
SH01535,E02,2026-02-12,09:45,18:15,8.5
SH01536,E03,2026-02-12,11:00,19:15,8.25
SH01537,E05,2026-02-12,15:00,19:15,4.25
SH01538,E01,2026-02-13,07:45,16:15,8.5
SH01539,E02,2026-02-13,09:45,18:15,8.5
SH01540,E03,2026-02-13,11:00,19:15,8.25
SH01541,E05,2026-02-13,15:00,19:15,4.25
SH01542,E03,2026-02-14,08:45,17:15,8.5
SH01543,E05,2026-02-14,08:45,17:15,8.5
SH01544,E01,2026-02-16,07:45,16:15,8.5
SH01545,E02,2026-02-16,09:45,18:15,8.5
SH01546,E04,2026-02-16,11:00,19:15,8.25
SH01547,E01,2026-02-17,07:45,16:15,8.5
SH01548,E02,2026-02-17,09:45,18:15,8.5
SH01549,E03,2026-02-17,11:00,19:15,8.25
SH01550,E01,2026-02-18,07:45,16:15,8.5
SH01551,E02,2026-02-18,09:45,18:15,8.5
SH01552,E03,2026-02-18,11:00,19:15,8.25
SH01553,E04,2026-02-18,15:00,19:15,4.25
SH01554,E01,2026-02-19,07:45,16:15,8.5
SH01555,E02,2026-02-19,09:45,18:15,8.5
SH01556,E03,2026-02-19,11:00,19:15,8.25
SH01557,E05,2026-02-19,15:00,19:15,4.25
SH01558,E01,2026-02-20,07:45,16:15,8.5
SH01559,E02,2026-02-20,09:45,18:15,8.5
SH01560,E03,2026-02-20,11:00,19:15,8.25
SH01561,E05,2026-02-20,15:00,19:15,4.25
SH01562,E03,2026-02-21,08:45,17:15,8.5
SH01563,E05,2026-02-21,08:45,17:15,8.5
SH01564,E01,2026-02-23,07:45,16:15,8.5
SH01565,E02,2026-02-23,09:45,18:15,8.5
SH01566,E04,2026-02-23,11:00,19:15,8.25
SH01567,E01,2026-02-24,07:45,16:15,8.5
SH01568,E02,2026-02-24,09:45,18:15,8.5
SH01569,E03,2026-02-24,11:00,19:15,8.25
SH01570,E01,2026-02-25,07:45,16:15,8.5
SH01571,E02,2026-02-25,09:45,18:15,8.5
SH01572,E03,2026-02-25,11:00,19:15,8.25
SH01573,E04,2026-02-25,15:00,19:15,4.25
SH01574,E01,2026-02-26,07:45,16:15,8.5
SH01575,E02,2026-02-26,09:45,18:15,8.5
SH01576,E03,2026-02-26,11:00,19:15,8.25
SH01577,E05,2026-02-26,15:00,19:15,4.25
SH01578,E01,2026-02-27,07:45,16:15,8.5
SH01579,E02,2026-02-27,09:45,18:15,8.5
SH01580,E03,2026-02-27,11:00,19:15,8.25
SH01581,E05,2026-02-27,15:00,19:15,4.25
SH01582,E03,2026-02-28,08:45,17:15,8.5
SH01583,E05,2026-02-28,08:45,17:15,8.5
SH01584,E01,2026-03-02,07:45,16:15,8.5
SH01585,E02,2026-03-02,09:45,18:15,8.5
SH01586,E04,2026-03-02,11:00,19:15,8.25
SH01587,E01,2026-03-03,07:45,16:15,8.5
SH01588,E02,2026-03-03,09:45,18:15,8.5
SH01589,E03,2026-03-03,11:00,19:15,8.25
SH01590,E01,2026-03-04,07:45,16:15,8.5
SH01591,E02,2026-03-04,09:45,18:15,8.5
SH01592,E03,2026-03-04,11:00,19:15,8.25
SH01593,E04,2026-03-04,15:00,19:15,4.25
SH01594,E01,2026-03-05,07:45,16:15,8.5
SH01595,E02,2026-03-05,09:45,18:15,8.5
SH01596,E03,2026-03-05,11:00,19:15,8.25
SH01597,E05,2026-03-05,15:00,19:15,4.25
SH01598,E01,2026-03-06,07:45,16:15,8.5
SH01599,E02,2026-03-06,09:45,18:15,8.5
SH01600,E03,2026-03-06,11:00,19:15,8.25
SH01601,E05,2026-03-06,15:00,19:15,4.25
SH01602,E03,2026-03-07,08:45,17:15,8.5
SH01603,E05,2026-03-07,08:45,17:15,8.5
SH01604,E01,2026-03-09,07:45,16:15,8.5
SH01605,E02,2026-03-09,09:45,18:15,8.5
SH01606,E04,2026-03-09,11:00,19:15,8.25
SH01607,E01,2026-03-10,07:45,16:15,8.5
SH01608,E02,2026-03-10,09:45,18:15,8.5
SH01609,E03,2026-03-10,11:00,19:15,8.25
SH01610,E01,2026-03-11,07:45,16:15,8.5
SH01611,E02,2026-03-11,09:45,18:15,8.5
SH01612,E03,2026-03-11,11:00,19:15,8.25
SH01613,E04,2026-03-11,15:00,19:15,4.25
SH01614,E01,2026-03-12,07:45,16:15,8.5
SH01615,E02,2026-03-12,09:45,18:15,8.5
SH01616,E03,2026-03-12,11:00,19:15,8.25
SH01617,E05,2026-03-12,15:00,19:15,4.25
SH01618,E01,2026-03-13,07:45,16:15,8.5
SH01619,E02,2026-03-13,09:45,18:15,8.5
SH01620,E03,2026-03-13,11:00,19:15,8.25
SH01621,E05,2026-03-13,15:00,19:15,4.25
SH01622,E03,2026-03-14,08:45,17:15,8.5
SH01623,E05,2026-03-14,08:45,17:15,8.5
SH01624,E01,2026-03-16,07:45,16:15,8.5
SH01625,E02,2026-03-16,09:45,18:15,8.5
SH01626,E04,2026-03-16,11:00,19:15,8.25
SH01627,E01,2026-03-17,07:45,16:15,8.5
SH01628,E02,2026-03-17,09:45,18:15,8.5
SH01629,E03,2026-03-17,11:00,19:15,8.25
SH01630,E01,2026-03-18,07:45,16:15,8.5
SH01631,E02,2026-03-18,09:45,18:15,8.5
SH01632,E03,2026-03-18,11:00,19:15,8.25
SH01633,E04,2026-03-18,15:00,19:15,4.25
SH01634,E01,2026-03-19,07:45,16:15,8.5
SH01635,E02,2026-03-19,09:45,18:15,8.5
SH01636,E03,2026-03-19,11:00,19:15,8.25
SH01637,E05,2026-03-19,15:00,19:15,4.25
SH01638,E01,2026-03-20,07:45,16:15,8.5
SH01639,E02,2026-03-20,09:45,18:15,8.5
SH01640,E03,2026-03-20,11:00,19:15,8.25
SH01641,E05,2026-03-20,15:00,19:15,4.25
SH01642,E03,2026-03-21,08:45,17:15,8.5
SH01643,E05,2026-03-21,08:45,17:15,8.5
SH01644,E01,2026-03-23,07:45,16:15,8.5
SH01645,E02,2026-03-23,09:45,18:15,8.5
SH01646,E04,2026-03-23,11:00,19:15,8.25
SH01647,E01,2026-03-24,07:45,16:15,8.5
SH01648,E02,2026-03-24,09:45,18:15,8.5
SH01649,E03,2026-03-24,11:00,19:15,8.25
SH01650,E01,2026-03-25,07:45,16:15,8.5
SH01651,E02,2026-03-25,09:45,18:15,8.5
SH01652,E03,2026-03-25,11:00,19:15,8.25
SH01653,E04,2026-03-25,15:00,19:15,4.25
SH01654,E01,2026-03-26,07:45,16:15,8.5
SH01655,E02,2026-03-26,09:45,18:15,8.5
SH01656,E03,2026-03-26,11:00,19:15,8.25
SH01657,E05,2026-03-26,15:00,19:15,4.25
SH01658,E01,2026-03-27,07:45,16:15,8.5
SH01659,E02,2026-03-27,09:45,18:15,8.5
SH01660,E03,2026-03-27,11:00,19:15,8.25
SH01661,E05,2026-03-27,15:00,19:15,4.25
SH01662,E03,2026-03-28,08:45,17:15,8.5
SH01663,E05,2026-03-28,08:45,17:15,8.5
SH01664,E01,2026-03-30,07:45,16:15,8.5
SH01665,E02,2026-03-30,09:45,18:15,8.5
SH01666,E04,2026-03-30,11:00,19:15,8.25
SH01667,E01,2026-03-31,07:45,16:15,8.5
SH01668,E02,2026-03-31,09:45,18:15,8.5
SH01669,E03,2026-03-31,11:00,19:15,8.25
SH01670,E01,2026-04-01,07:45,16:15,8.5
SH01671,E02,2026-04-01,09:45,18:15,8.5
SH01672,E03,2026-04-01,11:00,19:15,8.25
SH01673,E04,2026-04-01,15:00,19:15,4.25
SH01674,E01,2026-04-02,07:45,16:15,8.5
SH01675,E02,2026-04-02,09:45,18:15,8.5
SH01676,E03,2026-04-02,11:00,19:15,8.25
SH01677,E05,2026-04-02,15:00,19:15,4.25
SH01678,E01,2026-04-03,07:45,16:15,8.5
SH01679,E02,2026-04-03,09:45,18:15,8.5
SH01680,E03,2026-04-03,11:00,19:15,8.25
SH01681,E05,2026-04-03,15:00,19:15,4.25
SH01682,E03,2026-04-04,08:45,17:15,8.5
SH01683,E05,2026-04-04,08:45,17:15,8.5
SH01684,E01,2026-04-06,07:45,16:15,8.5
SH01685,E02,2026-04-06,09:45,18:15,8.5
SH01686,E04,2026-04-06,11:00,19:15,8.25
SH01687,E01,2026-04-07,07:45,16:15,8.5
SH01688,E02,2026-04-07,09:45,18:15,8.5
SH01689,E03,2026-04-07,11:00,19:15,8.25
SH01690,E01,2026-04-08,07:45,16:15,8.5
SH01691,E02,2026-04-08,09:45,18:15,8.5
SH01692,E03,2026-04-08,11:00,19:15,8.25
SH01693,E04,2026-04-08,15:00,19:15,4.25
SH01694,E01,2026-04-09,07:45,16:15,8.5
SH01695,E02,2026-04-09,09:45,18:15,8.5
SH01696,E03,2026-04-09,11:00,19:15,8.25
SH01697,E05,2026-04-09,15:00,19:15,4.25
SH01698,E01,2026-04-10,07:45,16:15,8.5
SH01699,E02,2026-04-10,09:45,18:15,8.5
SH01700,E03,2026-04-10,11:00,19:15,8.25
SH01701,E05,2026-04-10,15:00,19:15,4.25
SH01702,E03,2026-04-11,08:45,17:15,8.5
SH01703,E05,2026-04-11,08:45,17:15,8.5
SH01704,E01,2026-04-13,07:45,16:15,8.5
SH01705,E02,2026-04-13,09:45,18:15,8.5
SH01706,E04,2026-04-13,11:00,19:15,8.25
SH01707,E01,2026-04-14,07:45,16:15,8.5
SH01708,E02,2026-04-14,09:45,18:15,8.5
SH01709,E03,2026-04-14,11:00,19:15,8.25
SH01710,E01,2026-04-15,07:45,16:15,8.5
SH01711,E02,2026-04-15,09:45,18:15,8.5
SH01712,E03,2026-04-15,11:00,19:15,8.25
SH01713,E04,2026-04-15,15:00,19:15,4.25
SH01714,E01,2026-04-16,07:45,16:15,8.5
SH01715,E02,2026-04-16,09:45,18:15,8.5
SH01716,E03,2026-04-16,11:00,19:15,8.25
SH01717,E05,2026-04-16,15:00,19:15,4.25
SH01718,E01,2026-04-17,07:45,16:15,8.5
SH01719,E02,2026-04-17,09:45,18:15,8.5
SH01720,E03,2026-04-17,11:00,19:15,8.25
SH01721,E05,2026-04-17,15:00,19:15,4.25
SH01722,E03,2026-04-18,08:45,17:15,8.5
SH01723,E05,2026-04-18,08:45,17:15,8.5
SH01724,E01,2026-04-20,07:45,16:15,8.5
SH01725,E02,2026-04-20,09:45,18:15,8.5
SH01726,E04,2026-04-20,11:00,19:15,8.25
SH01727,E01,2026-04-21,07:45,16:15,8.5
SH01728,E02,2026-04-21,09:45,18:15,8.5
SH01729,E03,2026-04-21,11:00,19:15,8.25
SH01730,E01,2026-04-22,07:45,16:15,8.5
SH01731,E02,2026-04-22,09:45,18:15,8.5
SH01732,E03,2026-04-22,11:00,19:15,8.25
SH01733,E04,2026-04-22,15:00,19:15,4.25
SH01734,E01,2026-04-23,07:45,16:15,8.5
SH01735,E02,2026-04-23,09:45,18:15,8.5
SH01736,E03,2026-04-23,11:00,19:15,8.25
SH01737,E05,2026-04-23,15:00,19:15,4.25
SH01738,E01,2026-04-24,07:45,16:15,8.5
SH01739,E02,2026-04-24,09:45,18:15,8.5
SH01740,E03,2026-04-24,11:00,19:15,8.25
SH01741,E05,2026-04-24,15:00,19:15,4.25
SH01742,E03,2026-04-25,08:45,17:15,8.5
SH01743,E05,2026-04-25,08:45,17:15,8.5
SH01744,E01,2026-04-27,07:45,16:15,8.5
SH01745,E02,2026-04-27,09:45,18:15,8.5
SH01746,E04,2026-04-27,11:00,19:15,8.25
SH01747,E01,2026-04-28,07:45,16:15,8.5
SH01748,E02,2026-04-28,09:45,18:15,8.5
SH01749,E03,2026-04-28,11:00,19:15,8.25
SH01750,E01,2026-04-29,07:45,16:15,8.5
SH01751,E02,2026-04-29,09:45,18:15,8.5
SH01752,E03,2026-04-29,11:00,19:15,8.25
SH01753,E04,2026-04-29,15:00,19:15,4.25
SH01754,E01,2026-04-30,07:45,16:15,8.5
SH01755,E02,2026-04-30,09:45,18:15,8.5
SH01756,E03,2026-04-30,11:00,19:15,8.25
SH01757,E05,2026-04-30,15:00,19:15,4.25
SH01758,E01,2026-05-01,07:45,16:15,8.5
SH01759,E02,2026-05-01,09:45,18:15,8.5
SH01760,E03,2026-05-01,11:00,19:15,8.25
SH01761,E05,2026-05-01,15:00,19:15,4.25
SH01762,E03,2026-05-02,08:45,17:15,8.5
SH01763,E05,2026-05-02,08:45,17:15,8.5
SH01764,E01,2026-05-04,07:45,16:15,8.5
SH01765,E02,2026-05-04,09:45,18:15,8.5
SH01766,E04,2026-05-04,11:00,19:15,8.25
SH01767,E01,2026-05-05,07:45,16:15,8.5
SH01768,E02,2026-05-05,09:45,18:15,8.5
SH01769,E03,2026-05-05,11:00,19:15,8.25
SH01770,E01,2026-05-06,07:45,16:15,8.5
SH01771,E02,2026-05-06,09:45,18:15,8.5
SH01772,E03,2026-05-06,11:00,19:15,8.25
SH01773,E04,2026-05-06,15:00,19:15,4.25
SH01774,E01,2026-05-07,07:45,16:15,8.5
SH01775,E02,2026-05-07,09:45,18:15,8.5
SH01776,E03,2026-05-07,11:00,19:15,8.25
SH01777,E05,2026-05-07,15:00,19:15,4.25
SH01778,E01,2026-05-08,07:45,16:15,8.5
SH01779,E02,2026-05-08,09:45,18:15,8.5
SH01780,E03,2026-05-08,11:00,19:15,8.25
SH01781,E05,2026-05-08,15:00,19:15,4.25
SH01782,E03,2026-05-09,08:45,17:15,8.5
SH01783,E05,2026-05-09,08:45,17:15,8.5
SH01784,E01,2026-05-11,07:45,16:15,8.5
SH01785,E02,2026-05-11,09:45,18:15,8.5
SH01786,E04,2026-05-11,11:00,19:15,8.25
SH01787,E01,2026-05-12,07:45,16:15,8.5
SH01788,E02,2026-05-12,09:45,18:15,8.5
SH01789,E03,2026-05-12,11:00,19:15,8.25
SH01790,E01,2026-05-13,07:45,16:15,8.5
SH01791,E02,2026-05-13,09:45,18:15,8.5
SH01792,E03,2026-05-13,11:00,19:15,8.25
SH01793,E04,2026-05-13,15:00,19:15,4.25
SH01794,E01,2026-05-14,07:45,16:15,8.5
SH01795,E02,2026-05-14,09:45,18:15,8.5
SH01796,E03,2026-05-14,11:00,19:15,8.25
SH01797,E05,2026-05-14,15:00,19:15,4.25
SH01798,E01,2026-05-15,07:45,16:15,8.5
SH01799,E02,2026-05-15,09:45,18:15,8.5
SH01800,E03,2026-05-15,11:00,19:15,8.25
SH01801,E05,2026-05-15,15:00,19:15,4.25
SH01802,E03,2026-05-16,08:45,17:15,8.5
SH01803,E05,2026-05-16,08:45,17:15,8.5
SH01804,E01,2026-05-18,07:45,16:15,8.5
SH01805,E02,2026-05-18,09:45,18:15,8.5
SH01806,E04,2026-05-18,11:00,19:15,8.25
SH01807,E01,2026-05-19,07:45,16:15,8.5
SH01808,E02,2026-05-19,09:45,18:15,8.5
SH01809,E03,2026-05-19,11:00,19:15,8.25
SH01810,E01,2026-05-20,07:45,16:15,8.5
SH01811,E02,2026-05-20,09:45,18:15,8.5
SH01812,E03,2026-05-20,11:00,19:15,8.25
SH01813,E04,2026-05-20,15:00,19:15,4.25
SH01814,E01,2026-05-21,07:45,16:15,8.5
SH01815,E02,2026-05-21,09:45,18:15,8.5
SH01816,E03,2026-05-21,11:00,19:15,8.25
SH01817,E05,2026-05-21,15:00,19:15,4.25
SH01818,E01,2026-05-22,07:45,16:15,8.5
SH01819,E02,2026-05-22,09:45,18:15,8.5
SH01820,E03,2026-05-22,11:00,19:15,8.25
SH01821,E05,2026-05-22,15:00,19:15,4.25
SH01822,E03,2026-05-23,08:45,17:15,8.5
SH01823,E05,2026-05-23,08:45,17:15,8.5
SH01824,E01,2026-05-26,07:45,16:15,8.5
SH01825,E02,2026-05-26,09:45,18:15,8.5
SH01826,E03,2026-05-26,11:00,19:15,8.25
SH01827,E01,2026-05-27,07:45,16:15,8.5
SH01828,E02,2026-05-27,09:45,18:15,8.5
SH01829,E03,2026-05-27,11:00,19:15,8.25
SH01830,E04,2026-05-27,15:00,19:15,4.25
SH01831,E01,2026-05-28,07:45,16:15,8.5
SH01832,E02,2026-05-28,09:45,18:15,8.5
SH01833,E03,2026-05-28,11:00,19:15,8.25
SH01834,E05,2026-05-28,15:00,19:15,4.25
SH01835,E01,2026-05-29,07:45,16:15,8.5
SH01836,E02,2026-05-29,09:45,18:15,8.5
SH01837,E03,2026-05-29,11:00,19:15,8.25
SH01838,E05,2026-05-29,15:00,19:15,4.25
SH01839,E03,2026-05-30,08:45,17:15,8.5
SH01840,E05,2026-05-30,08:45,17:15,8.5
SH01841,E01,2026-06-01,07:45,16:15,8.5
SH01842,E02,2026-06-01,09:45,18:15,8.5
SH01843,E04,2026-06-01,11:00,19:15,8.25
SH01844,E01,2026-06-02,07:45,16:15,8.5
SH01845,E02,2026-06-02,09:45,18:15,8.5
SH01846,E03,2026-06-02,11:00,19:15,8.25
SH01847,E01,2026-06-03,07:45,16:15,8.5
SH01848,E02,2026-06-03,09:45,18:15,8.5
SH01849,E03,2026-06-03,11:00,19:15,8.25
SH01850,E04,2026-06-03,15:00,19:15,4.25
SH01851,E01,2026-06-04,07:45,16:15,8.5
SH01852,E02,2026-06-04,09:45,18:15,8.5
SH01853,E03,2026-06-04,11:00,19:15,8.25
SH01854,E05,2026-06-04,15:00,19:15,4.25
SH01855,E01,2026-06-05,07:45,16:15,8.5
SH01856,E02,2026-06-05,09:45,18:15,8.5
SH01857,E03,2026-06-05,11:00,19:15,8.25
SH01858,E05,2026-06-05,15:00,19:15,4.25
SH01859,E03,2026-06-06,08:45,17:15,8.5
SH01860,E05,2026-06-06,08:45,17:15,8.5
SH01861,E01,2026-06-08,07:45,16:15,8.5
SH01862,E05,2026-06-08,09:45,18:15,8.5
SH01863,E04,2026-06-08,11:00,19:15,8.25
SH01864,E01,2026-06-09,07:45,16:15,8.5
SH01865,E04,2026-06-09,09:45,18:15,8.5
SH01866,E03,2026-06-09,11:00,19:15,8.25
SH01867,E01,2026-06-10,07:45,16:15,8.5
SH01868,E05,2026-06-10,09:45,18:15,8.5
SH01869,E03,2026-06-10,11:00,19:15,8.25
SH01870,E04,2026-06-10,15:00,19:15,4.25
SH01871,E01,2026-06-11,07:45,16:15,8.5
SH01872,E04,2026-06-11,09:45,18:15,8.5
SH01873,E03,2026-06-11,11:00,19:15,8.25
SH01874,E05,2026-06-11,15:00,19:15,4.25
SH01875,E01,2026-06-12,07:45,16:15,8.5
SH01876,E04,2026-06-12,09:45,18:15,8.5
SH01877,E03,2026-06-12,11:00,19:15,8.25
SH01878,E05,2026-06-12,15:00,19:15,4.25
SH01879,E03,2026-06-13,08:45,17:15,8.5
SH01880,E05,2026-06-13,08:45,17:15,8.5
SH01881,E01,2026-06-15,07:45,16:15,8.5
SH01882,E02,2026-06-15,09:45,18:15,8.5
SH01883,E04,2026-06-15,11:00,19:15,8.25
SH01884,E01,2026-06-16,07:45,16:15,8.5
SH01885,E02,2026-06-16,09:45,18:15,8.5
SH01886,E03,2026-06-16,11:00,19:15,8.25
SH01887,E01,2026-06-17,07:45,16:15,8.5
SH01888,E02,2026-06-17,09:45,18:15,8.5
SH01889,E03,2026-06-17,11:00,19:15,8.25
SH01890,E04,2026-06-17,15:00,19:15,4.25
SH01891,E01,2026-06-18,07:45,16:15,8.5
SH01892,E02,2026-06-18,09:45,18:15,8.5
SH01893,E03,2026-06-18,11:00,19:15,8.25
SH01894,E05,2026-06-18,15:00,19:15,4.25
SH01895,E01,2026-06-19,07:45,16:15,8.5
SH01896,E02,2026-06-19,09:45,18:15,8.5
SH01897,E03,2026-06-19,11:00,19:15,8.25
SH01898,E05,2026-06-19,15:00,19:15,4.25
SH01899,E03,2026-06-20,08:45,17:15,8.5
SH01900,E05,2026-06-20,08:45,17:15,8.5
SH01901,E01,2026-06-22,07:45,16:15,8.5
SH01902,E02,2026-06-22,09:45,18:15,8.5
SH01903,E04,2026-06-22,11:00,19:15,8.25
SH01904,E01,2026-06-23,07:45,16:15,8.5
SH01905,E02,2026-06-23,09:45,18:15,8.5
SH01906,E03,2026-06-23,11:00,19:15,8.25
SH01907,E01,2026-06-24,07:45,16:15,8.5
SH01908,E02,2026-06-24,09:45,18:15,8.5
SH01909,E03,2026-06-24,11:00,19:15,8.25
SH01910,E04,2026-06-24,15:00,19:15,4.25
SH01911,E01,2026-06-25,07:45,16:15,8.5
SH01912,E02,2026-06-25,09:45,18:15,8.5
SH01913,E03,2026-06-25,11:00,19:15,8.25
SH01914,E05,2026-06-25,15:00,19:15,4.25
SH01915,E01,2026-06-26,07:45,16:15,8.5
SH01916,E02,2026-06-26,09:45,18:15,8.5
SH01917,E03,2026-06-26,11:00,19:15,8.25
SH01918,E05,2026-06-26,15:00,19:15,4.25
SH01919,E03,2026-06-27,08:45,17:15,8.5
SH01920,E05,2026-06-27,08:45,17:15,8.5
SH01921,E01,2026-06-29,07:45,16:15,8.5
SH01922,E02,2026-06-29,09:45,18:15,8.5
SH01923,E04,2026-06-29,11:00,19:15,8.25
SH01924,E01,2026-06-30,07:45,16:15,8.5
SH01925,E02,2026-06-30,09:45,18:15,8.5
SH01926,E03,2026-06-30,11:00,19:15,8.25
SH01927,E01,2026-07-01,07:45,16:15,8.5
SH01928,E02,2026-07-01,09:45,18:15,8.5
SH01929,E03,2026-07-01,11:00,19:15,8.25
SH01930,E04,2026-07-01,15:00,19:15,4.25
SH01931,E01,2026-07-02,07:45,16:15,8.5
SH01932,E02,2026-07-02,09:45,18:15,8.5
SH01933,E03,2026-07-02,11:00,19:15,8.25
SH01934,E05,2026-07-02,15:00,19:15,4.25
SH01935,E01,2026-07-03,07:45,16:15,8.5
SH01936,E02,2026-07-03,09:45,18:15,8.5
SH01937,E03,2026-07-03,11:00,19:15,8.25
SH01938,E05,2026-07-03,15:00,19:15,4.25
SH01939,E01,2026-07-06,07:45,16:15,8.5
SH01940,E02,2026-07-06,09:45,18:15,8.5
SH01941,E04,2026-07-06,11:00,19:15,8.25
SH01942,E01,2026-07-07,07:45,16:15,8.5
SH01943,E02,2026-07-07,09:45,18:15,8.5
SH01944,E03,2026-07-07,11:00,19:15,8.25
SH01945,E01,2026-07-08,07:45,16:15,8.5
SH01946,E02,2026-07-08,09:45,18:15,8.5
SH01947,E03,2026-07-08,11:00,19:15,8.25
SH01948,E04,2026-07-08,15:00,19:15,4.25
SH01949,E01,2026-07-09,07:45,16:15,8.5
SH01950,E02,2026-07-09,09:45,18:15,8.5
SH01951,E03,2026-07-09,11:00,19:15,8.25
SH01952,E05,2026-07-09,15:00,19:15,4.25
SH01953,E01,2026-07-10,07:45,16:15,8.5
SH01954,E02,2026-07-10,09:45,18:15,8.5
SH01955,E03,2026-07-10,11:00,19:15,8.25
SH01956,E05,2026-07-10,15:00,19:15,4.25
SH01957,E03,2026-07-11,08:45,17:15,8.5
SH01958,E05,2026-07-11,08:45,17:15,8.5
SH01959,E01,2026-07-13,07:45,16:15,8.5
SH01960,E02,2026-07-13,09:45,18:15,8.5
SH01961,E04,2026-07-13,11:00,19:15,8.25
SH01962,E01,2026-07-14,07:45,16:15,8.5
SH01963,E02,2026-07-14,09:45,18:15,8.5
SH01964,E03,2026-07-14,11:00,19:15,8.25
SH01965,E01,2026-07-15,07:45,16:15,8.5
SH01966,E02,2026-07-15,09:45,18:15,8.5
SH01967,E03,2026-07-15,11:00,19:15,8.25
SH01968,E04,2026-07-15,15:00,19:15,4.25
SH01969,E01,2026-07-16,07:45,16:15,8.5
SH01970,E02,2026-07-16,09:45,18:15,8.5
SH01971,E03,2026-07-16,11:00,19:15,8.25
SH01972,E05,2026-07-16,15:00,19:15,4.25
SH01973,E01,2026-07-17,07:45,16:15,8.5
SH01974,E02,2026-07-17,09:45,18:15,8.5
SH01975,E03,2026-07-17,11:00,19:15,8.25
SH01976,E05,2026-07-17,15:00,19:15,4.25
SH01977,E03,2026-07-18,08:45,17:15,8.5
SH01978,E05,2026-07-18,08:45,17:15,8.5
SH01979,E01,2026-07-20,07:45,16:15,8.5
SH01980,E02,2026-07-20,09:45,18:15,8.5
SH01981,E04,2026-07-20,11:00,19:15,8.25
SH01982,E01,2026-07-21,07:45,16:15,8.5
SH01983,E02,2026-07-21,09:45,18:15,8.5
SH01984,E03,2026-07-21,11:00,19:15,8.25
SH01985,E01,2026-07-22,07:45,16:15,8.5
SH01986,E02,2026-07-22,09:45,18:15,8.5
SH01987,E03,2026-07-22,11:00,19:15,8.25
SH01988,E04,2026-07-22,15:00,19:15,4.25
SH01989,E01,2026-07-23,07:45,16:15,8.5
SH01990,E02,2026-07-23,09:45,18:15,8.5
SH01991,E03,2026-07-23,11:00,19:15,8.25
SH01992,E05,2026-07-23,15:00,19:15,4.25
SH01993,E01,2026-07-24,07:45,16:15,8.5
SH01994,E02,2026-07-24,09:45,18:15,8.5
SH01995,E03,2026-07-24,11:00,19:15,8.25
SH01996,E05,2026-07-24,15:00,19:15,4.25
SH01997,E03,2026-07-25,08:45,17:15,8.5
SH01998,E05,2026-07-25,08:45,17:15,8.5
SH01999,E01,2026-07-27,07:45,16:15,8.5
SH02000,E02,2026-07-27,09:45,18:15,8.5
SH02001,E04,2026-07-27,11:00,19:15,8.25
SH02002,E01,2026-07-28,07:45,16:15,8.5
SH02003,E02,2026-07-28,09:45,18:15,8.5
SH02004,E03,2026-07-28,11:00,19:15,8.25
SH02005,E01,2026-07-29,07:45,16:15,8.5
SH02006,E02,2026-07-29,09:45,18:15,8.5
SH02007,E03,2026-07-29,11:00,19:15,8.25
SH02008,E04,2026-07-29,15:00,19:15,4.25
SH02009,E01,2026-07-30,07:45,16:15,8.5
SH02010,E02,2026-07-30,09:45,18:15,8.5
SH02011,E03,2026-07-30,11:00,19:15,8.25
SH02012,E05,2026-07-30,15:00,19:15,4.25
SH02013,E01,2026-07-31,07:45,16:15,8.5
SH02014,E02,2026-07-31,09:45,18:15,8.5
SH02015,E03,2026-07-31,11:00,19:15,8.25
SH02016,E05,2026-07-31,15:00,19:15,4.25
SH02017,E03,2026-08-01,08:45,17:15,8.5
SH02018,E05,2026-08-01,08:45,17:15,8.5
SH02019,E01,2026-08-03,07:45,16:15,8.5
SH02020,E02,2026-08-03,09:45,18:15,8.5
SH02021,E04,2026-08-03,11:00,19:15,8.25
SH02022,E01,2026-08-04,07:45,16:15,8.5
SH02023,E02,2026-08-04,09:45,18:15,8.5
SH02024,E03,2026-08-04,11:00,19:15,8.25
SH02025,E01,2026-08-05,07:45,16:15,8.5
SH02026,E02,2026-08-05,09:45,18:15,8.5
SH02027,E03,2026-08-05,11:00,19:15,8.25
SH02028,E04,2026-08-05,15:00,19:15,4.25
SH02029,E01,2026-08-06,07:45,16:15,8.5
SH02030,E02,2026-08-06,09:45,18:15,8.5
SH02031,E03,2026-08-06,11:00,19:15,8.25
SH02032,E05,2026-08-06,15:00,19:15,4.25
SH02033,E01,2026-08-07,07:45,16:15,8.5
SH02034,E02,2026-08-07,09:45,18:15,8.5
SH02035,E03,2026-08-07,11:00,19:15,8.25
SH02036,E05,2026-08-07,15:00,19:15,4.25
SH02037,E03,2026-08-08,08:45,17:15,8.5
SH02038,E05,2026-08-08,08:45,17:15,8.5
SH02039,E01,2026-08-10,07:45,16:15,8.5
SH02040,E02,2026-08-10,09:45,18:15,8.5
SH02041,E04,2026-08-10,11:00,19:15,8.25
SH02042,E01,2026-08-11,07:45,16:15,8.5
SH02043,E02,2026-08-11,09:45,18:15,8.5
SH02044,E03,2026-08-11,11:00,19:15,8.25
SH02045,E01,2026-08-12,07:45,16:15,8.5
SH02046,E02,2026-08-12,09:45,18:15,8.5
SH02047,E03,2026-08-12,11:00,19:15,8.25
SH02048,E04,2026-08-12,15:00,19:15,4.25
SH02049,E01,2026-08-13,07:45,16:15,8.5
SH02050,E02,2026-08-13,09:45,18:15,8.5
SH02051,E03,2026-08-13,11:00,19:15,8.25
SH02052,E05,2026-08-13,15:00,19:15,4.25
SH02053,E01,2026-08-14,07:45,16:15,8.5
SH02054,E02,2026-08-14,09:45,18:15,8.5
SH02055,E03,2026-08-14,11:00,19:15,8.25
SH02056,E05,2026-08-14,15:00,19:15,4.25
SH02057,E03,2026-08-15,08:45,17:15,8.5
SH02058,E05,2026-08-15,08:45,17:15,8.5
SH02059,E01,2026-08-17,07:45,16:15,8.5
SH02060,E02,2026-08-17,09:45,18:15,8.5
SH02061,E04,2026-08-17,11:00,19:15,8.25
SH02062,E01,2026-08-18,07:45,16:15,8.5
SH02063,E02,2026-08-18,09:45,18:15,8.5
SH02064,E03,2026-08-18,11:00,19:15,8.25
SH02065,E01,2026-08-19,07:45,16:15,8.5
SH02066,E02,2026-08-19,09:45,18:15,8.5
SH02067,E03,2026-08-19,11:00,19:15,8.25
SH02068,E04,2026-08-19,15:00,19:15,4.25
SH02069,E01,2026-08-20,07:45,16:15,8.5
SH02070,E02,2026-08-20,09:45,18:15,8.5
SH02071,E03,2026-08-20,11:00,19:15,8.25
SH02072,E05,2026-08-20,15:00,19:15,4.25
SH02073,E01,2026-08-21,07:45,16:15,8.5
SH02074,E02,2026-08-21,09:45,18:15,8.5
SH02075,E03,2026-08-21,11:00,19:15,8.25
SH02076,E05,2026-08-21,15:00,19:15,4.25
SH02077,E03,2026-08-22,08:45,17:15,8.5
SH02078,E05,2026-08-22,08:45,17:15,8.5
SH02079,E01,2026-08-24,07:45,16:15,8.5
SH02080,E02,2026-08-24,09:45,18:15,8.5
SH02081,E04,2026-08-24,11:00,19:15,8.25
SH02082,E01,2026-08-25,07:45,16:15,8.5
SH02083,E02,2026-08-25,09:45,18:15,8.5
SH02084,E03,2026-08-25,11:00,19:15,8.25
SH02085,E01,2026-08-26,07:45,16:15,8.5
SH02086,E02,2026-08-26,09:45,18:15,8.5
SH02087,E03,2026-08-26,11:00,19:15,8.25
SH02088,E04,2026-08-26,15:00,19:15,4.25
SH02089,E01,2026-08-27,07:45,16:15,8.5
SH02090,E02,2026-08-27,09:45,18:15,8.5
SH02091,E03,2026-08-27,11:00,19:15,8.25
SH02092,E05,2026-08-27,15:00,19:15,4.25
SH02093,E01,2026-08-28,07:45,16:15,8.5
SH02094,E02,2026-08-28,09:45,18:15,8.5
SH02095,E03,2026-08-28,11:00,19:15,8.25
SH02096,E05,2026-08-28,15:00,19:15,4.25
SH02097,E03,2026-08-29,08:45,17:15,8.5
SH02098,E05,2026-08-29,08:45,17:15,8.5
SH02099,E01,2026-08-31,07:45,16:15,8.5
SH02100,E02,2026-08-31,09:45,18:15,8.5
SH02101,E04,2026-08-31,11:00,19:15,8.25
